signal_id,contract,side,signal_timestamp_utc,scalp_probability,entry_ask,entry_bid,seconds_left,minutes_left,btc_gap_side,abs_gap,btc_move_15s_side,btc_move_30s_side,btc_move_60s_side,ask_move_15s,ask_move_30s,ask_move_60s,bounce_from_low,drawdown_from_high,ask_position_60,outcome_timestamp_utc,observed_seconds,max_future_bid,min_future_bid,hit_10c,seconds_to_10c,hit_15c,seconds_to_15c,hit_20c,seconds_to_20c,stop_10c_hit,stop_seconds,result_10c_before_stop,notes
KXBTC15M-26SEP032330-30|UP|SCALP|1788491896159,KXBTC15M-26SEP032330-30,UP,2026-09-04T03:18:16.159853+00:00,0.964822576634296,0.38,0.37,703.84,11.730666666666668,5.7299999999959255,5.7299999999959255,49.63000000000466,49.61999999999534,39.520000000004075,0.0,-0.010000000000000009,-0.06,0.0,0.06,0.0,2026-09-04T03:21:16.445472+00:00,180,0.5,0.37,True,30.0,False,,False,,False,,True,FROZEN DEVELOPMENT CANDIDATE — FORWARD SHADOW ONLY
KXBTC15M-26SEP032345-45|DOWN|SCALP|1788492661665,KXBTC15M-26SEP032345-45,DOWN,2026-09-04T03:31:01.665285+00:00,0.9515326520792994,0.43,0.42,838.33,13.972166666666668,12.55000000000291,12.55000000000291,17.510000000009313,20.99000000000524,,0.0,0.0,,0.0,0.0,,2026-09-04T03:34:06.874300+00:00,184,0.6,0.42,True,105.0,True,105.0,False,,False,,True,FROZEN DEVELOPMENT CANDIDATE — FORWARD SHADOW ONLY
KXBTC15M-26SEP032345-45|UP|SCALP|1788492766657,KXBTC15M-26SEP032345-45,UP,2026-09-04T03:32:46.657546+00:00,0.9713011283174993,0.4,0.39,733.34,12.222333333333333,19.889999999999418,19.889999999999418,6.0200000000040745,12.05000000000291,11.289999999993597,-0.13,-0.15000000000000002,-0.09999999999999998,0.0,0.15000000000000002,0.0,2026-09-04T03:35:46.895366+00:00,180,0.55,0.38,True,30.0,True,30.0,False,,False,,True,FROZEN DEVELOPMENT CANDIDATE — FORWARD SHADOW ONLY
KXBTC15M-26SEP032345-45|DOWN|SCALP|1788492821639,KXBTC15M-26SEP032345-45,DOWN,2026-09-04T03:33:41.639940+00:00,0.9374053705435501,0.45,0.44,678.36,11.306000000000001,4.149999999994179,4.149999999994179,17.69000000000233,21.25,-15.900000000008731,0.0,-0.15999999999999998,-0.02999999999999997,0.0,0.15999999999999998,0.0,2026-09-04T03:36:41.884927+00:00,180,0.61,0.44,True,50.0,True,80.0,False,,False,,True,FROZEN DEVELOPMENT CANDIDATE — FORWARD SHADOW ONLY
KXBTC15M-26SEP032345-45|UP|SCALP|1788492941638,KXBTC15M-26SEP032345-45,UP,2026-09-04T03:35:41.638538+00:00,0.9692336265983471,0.39,0.38,558.36,9.306000000000001,16.119999999995343,16.119999999995343,54.169999999998254,49.65999999998894,29.10999999998603,-0.010000000000000009,-0.010000000000000009,-0.03999999999999998,0.0,0.03999999999999998,0.0,2026-09-04T03:38:41.884570+00:00,180,0.7,0.38,True,35.0,True,35.0,True,125.0,False,,True,FROZEN DEVELOPMENT CANDIDATE — FORWARD SHADOW ONLY
KXBTC15M-26SEP032345-45|DOWN|SCALP|1788492981648,KXBTC15M-26SEP032345-45,DOWN,2026-09-04T03:36:21.648574+00:00,0.9758851325749014,0.45,0.44,518.35,8.639166666666666,9.089999999996508,9.089999999996508,26.50999999999476,23.589999999996508,-28.960000000006403,-0.16999999999999998,-0.16999999999999998,-0.15999999999999998,0.0,0.16999999999999998,0.0,2026-09-04T03:39:21.905962+00:00,180,0.57,0.29,True,25.0,False,,False,,True,115.0,True,FROZEN DEVELOPMENT CANDIDATE — FORWARD SHADOW ONLY
KXBTC15M-26SEP032345-45|DOWN|SCALP|1788493196654,KXBTC15M-26SEP032345-45,DOWN,2026-09-04T03:39:56.654171+00:00,0.9291597031908936,0.41,0.4,303.35,5.055833333333334,11.069999999992433,11.069999999992433,22.519999999989523,24.019999999989523,38.26999999998952,-0.010000000000000009,-0.010000000000000009,0.08999999999999997,0.08999999999999997,0.010000000000000009,0.8999999999999999,2026-09-04T03:42:56.938294+00:00,180,0.75,0.4,True,35.0,True,35.0,True,95.0,False,,True,FROZEN DEVELOPMENT CANDIDATE — FORWARD SHADOW ONLY
KXBTC15M-26SEP040000-00|UP|SCALP|1788493612122,KXBTC15M-26SEP040000-00,UP,2026-09-04T03:46:52.122173+00:00,0.9547617251529948,0.44,0.43,787.88,13.131333333333334,20.410000000003492,20.410000000003492,38.86000000000058,13.520000000004075,0.7799999999988358,0.0,-0.12000000000000005,-0.08000000000000002,0.0,0.12000000000000005,0.0,2026-09-04T03:49:52.359165+00:00,180,0.7,0.43,True,25.0,True,55.0,True,55.0,False,,True,FROZEN DEVELOPMENT CANDIDATE — FORWARD SHADOW ONLY
KXBTC15M-26SEP040015-15|UP|SCALP|1788494757602,KXBTC15M-26SEP040015-15,UP,2026-09-04T04:05:57.602865+00:00,0.9310361780150684,0.44,0.43,542.4,9.04,2.2300000000104774,2.2300000000104774,21.860000000000582,20.24000000000524,38.830000000001746,0.0,0.030000000000000027,0.030000000000000027,0.030000000000000027,0.0,1.0,2026-09-04T04:08:57.828451+00:00,180,0.55,0.43,True,110.0,False,,False,,False,,True,FROZEN DEVELOPMENT CANDIDATE — FORWARD SHADOW ONLY
KXBTC15M-26SEP040015-15|UP|SCALP|1788494957612,KXBTC15M-26SEP040015-15,UP,2026-09-04T04:09:17.612288+00:00,0.9425209631997935,0.37,0.36,342.39,5.7065,2.1300000000046566,2.1300000000046566,7.779999999998836,25.30999999999767,3.1199999999953434,-0.16000000000000003,-0.16000000000000003,-0.19000000000000006,0.0,0.16000000000000003,0.0,2026-09-04T04:12:17.863283+00:00,180,0.78,0.36,True,15.0,True,135.0,True,135.0,False,,True,FROZEN DEVELOPMENT CANDIDATE — FORWARD SHADOW ONLY
KXBTC15M-26SEP040015-15|UP|SCALP|1788495087614,KXBTC15M-26SEP040015-15,UP,2026-09-04T04:11:27.614695+00:00,0.9752557924680769,0.4,0.39,212.39,3.539833333333333,12.669999999998254,12.669999999998254,31.729999999995925,29.989999999990687,16.34999999999127,0.0,-0.09999999999999998,-0.04999999999999999,0.0,0.09999999999999998,0.0,2026-09-04T04:14:27.835436+00:00,180,0.996,0.39,True,5.0,True,5.0,True,5.0,False,,True,FROZEN DEVELOPMENT CANDIDATE — FORWARD SHADOW ONLY
KXBTC15M-26SEP040100-00|UP|SCALP|1788497158813,KXBTC15M-26SEP040100-00,UP,2026-09-04T04:45:58.813472+00:00,0.9775750398624314,0.45,0.44,841.19,14.019833333333334,14.360000000000582,14.360000000000582,29.970000000001164,26.970000000001164,,-0.04999999999999999,-0.04999999999999999,,0.0,0.04999999999999999,0.0,2026-09-04T04:48:59.055974+00:00,180,0.73,0.44,True,20.0,True,20.0,True,20.0,False,,True,FROZEN DEVELOPMENT CANDIDATE — FORWARD SHADOW ONLY
KXBTC15M-26SEP040115-15|UP|SCALP|1788498523946,KXBTC15M-26SEP040115-15,UP,2026-09-04T05:08:43.946550+00:00,0.9643975164086298,0.43,0.42,376.05,6.2675,10.839999999996508,10.839999999996508,30.180000000007567,46.370000000009895,59.23000000001048,0.03999999999999998,0.03999999999999998,0.08000000000000002,0.08000000000000002,0.0,1.0,2026-09-04T05:11:44.199532+00:00,180,0.58,0.36,True,25.0,True,160.1,False,,False,,True,FROZEN DEVELOPMENT CANDIDATE — FORWARD SHADOW ONLY
KXBTC15M-26SEP040115-15|DOWN|SCALP|1788498693963,KXBTC15M-26SEP040115-15,DOWN,2026-09-04T05:11:33.963527+00:00,0.9299674270812347,0.42,0.41,206.04,3.4339999999999997,26.420000000012806,26.420000000012806,27.420000000012806,10.170000000012806,10.170000000012806,-0.18,-0.18,-0.15999999999999998,0.0,0.18,0.0,2026-09-04T05:14:34.199080+00:00,180,0.998,0.41,True,20.0,True,20.0,True,20.0,False,,True,FROZEN DEVELOPMENT CANDIDATE — FORWARD SHADOW ONLY
KXBTC15M-26SEP040130-30|UP|SCALP|1788499064086,KXBTC15M-26SEP040130-30,UP,2026-09-04T05:17:44.086983+00:00,0.982399587053062,0.36,0.35,735.91,12.265166666666666,3.3699999999953434,3.3699999999953434,49.25,47.00999999999476,11.439999999987776,0.0,-0.13,-0.10000000000000003,0.0,0.13,0.0,2026-09-04T05:20:44.339820+00:00,180,0.81,0.35,True,10.0,True,10.0,True,40.0,False,,True,FROZEN DEVELOPMENT CANDIDATE — FORWARD SHADOW ONLY
KXBTC15M-26SEP040200-00|DOWN|SCALP|1788500804537,KXBTC15M-26SEP040200-00,DOWN,2026-09-04T05:46:44.537758+00:00,0.9388729246931147,0.38,0.37,795.46,13.257666666666667,-2.1900000000023283,2.1900000000023283,28.14999999999418,31.169999999998254,77.6299999999901,0.0,0.0,0.13,0.13,0.0,1.0,2026-09-04T05:49:44.830761+00:00,180,0.67,0.37,True,10.0,True,40.0,True,70.0,False,,True,FROZEN DEVELOPMENT CANDIDATE — FORWARD SHADOW ONLY
KXBTC15M-26SEP040215-15|UP|SCALP|1788502185052,KXBTC15M-26SEP040215-15,UP,2026-09-04T06:09:45.052286+00:00,0.9330126648135205,0.44,0.43,314.95,5.2491666666666665,15.839999999996508,15.839999999996508,30.989999999990687,39.61000000000058,64.67999999999302,0.13,0.13,0.15000000000000002,0.15000000000000002,0.0,1.0,2026-09-04T06:12:50.281146+00:00,185,0.942,0.43,True,15.0,True,15.0,True,45.0,False,,True,FROZEN DEVELOPMENT CANDIDATE — FORWARD SHADOW ONLY
KXBTC15M-26SEP040915-15|DOWN|SCALP|1788527066043,KXBTC15M-26SEP040915-15,DOWN,2026-09-04T13:04:26.043772+00:00,0.9368971987323303,0.43,0.42,633.96,10.566,57.179999999993015,57.179999999993015,117.51999999998952,91.91999999999825,153.3799999999901,0.0,0.09999999999999998,0.09999999999999998,0.09999999999999998,0.0,1.0,2026-09-04T13:07:26.266396+00:00,180,0.63,0.42,True,15.0,True,150.0,True,150.0,False,,True,FROZEN DEVELOPMENT CANDIDATE — FORWARD SHADOW ONLY
KXBTC15M-26SEP040945-45|DOWN|SCALP|1788528772426,KXBTC15M-26SEP040945-45,DOWN,2026-09-04T13:32:52.426338+00:00,0.9583784904616949,0.4,0.39,727.57,12.126166666666668,-1.679999999993015,1.679999999993015,109.69999999999709,138.49000000000524,136.98000000001048,0.030000000000000027,0.030000000000000027,0.010000000000000009,0.030000000000000027,0.0,1.0,2026-09-04T13:35:57.654693+00:00,185,0.68,0.39,True,100.0,True,130.0,True,130.0,False,,True,FROZEN DEVELOPMENT CANDIDATE — FORWARD SHADOW ONLY
KXBTC15M-26SEP040945-45|UP|SCALP|1788529062431,KXBTC15M-26SEP040945-45,UP,2026-09-04T13:37:42.431363+00:00,0.9485359137437853,0.12,0.11,437.57,7.292833333333333,4.599999999991269,4.599999999991269,182.61000000000058,262.75999999999476,343.7299999999959,0.0,0.0,-0.020000000000000018,0.0,0.020000000000000018,0.0,2026-09-04T13:40:42.692399+00:00,180,0.64,0.11,True,5.0,True,5.0,True,5.0,False,,True,FROZEN DEVELOPMENT CANDIDATE — FORWARD SHADOW ONLY
KXBTC15M-26SEP040945-45|DOWN|SCALP|1788529272467,KXBTC15M-26SEP040945-45,DOWN,2026-09-04T13:41:12.467635+00:00,0.9475808097937524,0.31,0.3,227.53,3.7921666666666667,3.900000000008731,3.900000000008731,38.0,91.91999999999825,22.930000000007567,-0.04999999999999999,-0.04999999999999999,-0.19,0.0,0.19,0.0,2026-09-04T13:44:17.738643+00:00,185,0.47,0.059,True,20.0,True,20.0,False,,True,155.1,True,FROZEN DEVELOPMENT CANDIDATE — FORWARD SHADOW ONLY
KXBTC15M-26SEP041000-00|UP|SCALP|1788529552850,KXBTC15M-26SEP041000-00,UP,2026-09-04T13:45:52.850330+00:00,0.9661967813097401,0.43,0.42,847.15,14.119166666666667,10.210000000006403,10.210000000006403,71.85000000000582,12.179999999993015,,-0.03999999999999998,-0.03999999999999998,,0.0,0.03999999999999998,0.0,2026-09-04T13:48:53.123742+00:00,180,0.81,0.42,True,25.0,True,25.0,True,25.0,False,,True,FROZEN DEVELOPMENT CANDIDATE — FORWARD SHADOW ONLY
KXBTC15M-26SEP041000-00|DOWN|SCALP|1788529997881,KXBTC15M-26SEP041000-00,DOWN,2026-09-04T13:53:17.881975+00:00,0.9596163944822975,0.25,0.24,402.12,6.702,49.81999999999243,49.81999999999243,134.0899999999965,168.75,220.72000000000116,0.01999999999999999,0.01999999999999999,0.06,0.06,0.0,1.0,2026-09-04T13:56:18.133790+00:00,180,0.72,0.24,True,15.0,True,15.0,True,15.0,False,,True,FROZEN DEVELOPMENT CANDIDATE — FORWARD SHADOW ONLY
KXBTC15M-26SEP041000-00|UP|SCALP|1788530257889,KXBTC15M-26SEP041000-00,UP,2026-09-04T13:57:37.889011+00:00,0.9564732836189781,0.29,0.28,142.11,2.3685,-0.7899999999935972,0.7899999999935972,70.91999999999825,47.24000000000524,54.30000000000291,0.0,-0.050000000000000044,-0.040000000000000036,0.0,0.050000000000000044,0.0,2026-09-04T14:00:18.520432+00:00,160,0.7,0.004,True,25.0,True,25.0,True,25.0,True,85.0,True,FROZEN DEVELOPMENT CANDIDATE — FORWARD SHADOW ONLY
KXBTC15M-26SEP041015-15|DOWN|SCALP|1788530893261,KXBTC15M-26SEP041015-15,DOWN,2026-09-04T14:08:13.261656+00:00,0.9250710236609199,0.42,0.41,406.74,6.779,66.91000000000349,66.91000000000349,82.67999999999302,90.42999999999302,161.50999999999476,0.07,0.07,0.10999999999999999,0.07,0.0,1.0,2026-09-04T14:11:18.539434+00:00,185,0.72,0.41,True,20.0,True,20.0,True,20.0,False,,True,FROZEN DEVELOPMENT CANDIDATE — FORWARD SHADOW ONLY
KXBTC15M-26SEP041100-00|DOWN|SCALP|1788533235147,KXBTC15M-26SEP041100-00,DOWN,2026-09-04T14:47:15.147300+00:00,0.9748152871394039,0.39,0.38,764.85,12.7475,46.49000000000524,46.49000000000524,111.19999999999709,119.63999999999942,138.41999999999825,0.0,0.0,0.040000000000000036,0.040000000000000036,0.0,1.0,2026-09-04T14:50:15.392979+00:00,180,0.87,0.38,True,20.0,True,20.0,True,50.0,False,,True,FROZEN DEVELOPMENT CANDIDATE — FORWARD SHADOW ONLY
KXBTC15M-26SEP041115-15|UP|SCALP|1788534130476,KXBTC15M-26SEP041115-15,UP,2026-09-04T15:02:10.476613+00:00,0.9287790704892126,0.35,0.34,769.52,12.825333333333333,-24.319999999992433,24.319999999992433,79.47000000000116,99.10000000000582,72.47000000000116,0.0,0.03999999999999998,-0.06,0.03999999999999998,0.06,0.3999999999999999,2026-09-04T15:05:10.751381+00:00,180,0.62,0.34,True,10.0,True,115.0,True,145.0,False,,True,FROZEN DEVELOPMENT CANDIDATE — FORWARD SHADOW ONLY
KXBTC15M-26SEP041145-45|DOWN|SCALP|1788535991573,KXBTC15M-26SEP041145-45,DOWN,2026-09-04T15:33:11.573536+00:00,0.9252734053827928,0.44,0.43,708.43,11.807166666666665,-1.1699999999982538,1.1699999999982538,20.470000000001164,18.470000000001164,-24.169999999998254,0.0,-0.04999999999999999,-0.11000000000000004,0.0,0.11000000000000004,0.0,2026-09-04T15:36:11.810647+00:00,180,0.61,0.35,True,55.1,True,115.0,False,,False,,True,FROZEN DEVELOPMENT CANDIDATE — FORWARD SHADOW ONLY
KXBTC15M-26SEP041145-45|UP|SCALP|1788536046624,KXBTC15M-26SEP041145-45,UP,2026-09-04T15:34:06.624233+00:00,0.9866532357609905,0.44,0.43,653.38,10.889666666666667,22.05000000000291,22.05000000000291,48.970000000001164,63.63000000000466,16.130000000004657,-0.03999999999999998,-0.03999999999999998,-0.12999999999999995,0.0,0.12999999999999995,0.0,2026-09-04T15:37:11.792567+00:00,184,0.68,0.38,True,120.0,True,120.0,True,120.0,False,,True,FROZEN DEVELOPMENT CANDIDATE — FORWARD SHADOW ONLY
KXBTC15M-26SEP041200-00|DOWN|SCALP|1788536787174,KXBTC15M-26SEP041200-00,DOWN,2026-09-04T15:46:27.174748+00:00,0.9746027060549185,0.45,0.44,812.83,13.547166666666667,15.05000000000291,15.05000000000291,39.08999999999651,18.470000000001164,,0.0,-0.03999999999999998,,0.0,0.03999999999999998,0.0,2026-09-04T15:49:27.414506+00:00,180,0.67,0.44,True,40.0,True,85.0,True,85.0,False,,True,FROZEN DEVELOPMENT CANDIDATE — FORWARD SHADOW ONLY
KXBTC15M-26SEP041215-15|UP|SCALP|1788537743205,KXBTC15M-26SEP041215-15,UP,2026-09-04T16:02:23.205061+00:00,0.9743097901712139,0.42,0.41,756.79,12.613166666666666,20.760000000009313,20.760000000009313,60.09000000001106,52.720000000001164,73.54000000000815,0.03999999999999998,0.03999999999999998,-0.020000000000000018,0.03999999999999998,0.020000000000000018,0.6666666666666664,2026-09-04T16:05:28.351449+00:00,184,0.63,0.41,True,34.9,True,34.9,True,34.9,False,,True,FROZEN DEVELOPMENT CANDIDATE — FORWARD SHADOW ONLY
KXBTC15M-26SEP041215-15|DOWN|SCALP|1788537998099,KXBTC15M-26SEP041215-15,DOWN,2026-09-04T16:06:38.099147+00:00,0.9925089154387653,0.38,0.37,501.9,8.365,26.839999999996508,26.839999999996508,54.179999999993015,54.919999999998254,49.5399999999936,0.0,-0.020000000000000018,-0.17000000000000004,0.0,0.17000000000000004,0.0,2026-09-04T16:09:38.333914+00:00,180,0.51,0.19,True,5.0,False,,False,,True,110.0,True,FROZEN DEVELOPMENT CANDIDATE — FORWARD SHADOW ONLY
KXBTC15M-26SEP041300-00|UP|SCALP|1788540699319,KXBTC15M-26SEP041300-00,UP,2026-09-04T16:51:39.319394+00:00,0.9410442884775201,0.35,0.34,500.68,8.344666666666667,-3.0,3.0,24.260000000009313,44.85000000000582,32.30999999999767,0.0,-0.040000000000000036,-0.010000000000000009,0.0,0.040000000000000036,0.0,2026-09-04T16:54:39.563445+00:00,180,0.58,0.13,True,15.0,True,15.0,True,45.0,True,120.0,True,FROZEN DEVELOPMENT CANDIDATE — FORWARD SHADOW ONLY
KXBTC15M-26SEP041300-00|DOWN|SCALP|1788540759332,KXBTC15M-26SEP041300-00,DOWN,2026-09-04T16:52:39.332725+00:00,0.9835911718413126,0.42,0.41,440.67,7.3445,27.110000000000582,27.110000000000582,53.020000000004075,26.679999999993015,24.110000000000582,0.0,-0.08000000000000002,-0.24000000000000005,0.0,0.24000000000000005,0.0,2026-09-04T16:55:44.554784+00:00,184,0.86,0.41,True,15.0,True,15.0,True,15.0,False,,True,FROZEN DEVELOPMENT CANDIDATE — FORWARD SHADOW ONLY
KXBTC15M-26SEP041345-45|DOWN|SCALP|1788543145599,KXBTC15M-26SEP041345-45,DOWN,2026-09-04T17:32:25.599541+00:00,0.9446611747364152,0.36,0.35,754.4,12.573333333333332,-0.4399999999877764,0.4399999999877764,15.010000000009313,24.04000000000815,26.380000000004657,0.0,-0.030000000000000027,-0.040000000000000036,0.0,0.040000000000000036,0.0,2026-09-04T17:35:25.842117+00:00,180,0.56,0.35,True,15.0,True,120.1,True,180.0,False,,True,FROZEN DEVELOPMENT CANDIDATE — FORWARD SHADOW ONLY
KXBTC15M-26SEP041345-45|DOWN|SCALP|1788543730610,KXBTC15M-26SEP041345-45,DOWN,2026-09-04T17:42:10.610902+00:00,0.9882744656327538,0.33,0.32,169.39,2.8231666666666664,31.34000000001106,31.34000000001106,38.76000000000931,40.88000000000466,24.020000000004075,0.0,-0.16999999999999998,-0.12,0.0,0.16999999999999998,0.0,2026-09-04T17:45:11.002628+00:00,180,0.995,0.32,True,15.0,True,15.0,True,15.0,False,,True,FROZEN DEVELOPMENT CANDIDATE — FORWARD SHADOW ONLY
KXBTC15M-26SEP041400-00|UP|SCALP|1788544185786,KXBTC15M-26SEP041400-00,UP,2026-09-04T17:49:45.786254+00:00,0.9685637736754897,0.43,0.42,614.21,10.236833333333333,15.739999999990687,15.739999999990687,38.44999999999709,53.25999999999476,33.419999999998254,-0.030000000000000027,-0.030000000000000027,0.02999999999999997,0.02999999999999997,0.030000000000000027,0.49999999999999956,2026-09-04T17:52:46.017417+00:00,180,0.42,0.17,False,,False,,False,,True,85.0,False,FROZEN DEVELOPMENT CANDIDATE — FORWARD SHADOW ONLY
KXBTC15M-26SEP041445-45|DOWN|SCALP|1788547012033,KXBTC15M-26SEP041445-45,DOWN,2026-09-04T18:36:52.033762+00:00,0.9480707305797906,0.38,0.37,487.97,8.132833333333334,14.039999999993597,14.039999999993597,31.360000000000582,57.84999999999127,55.34999999999127,0.10999999999999999,0.10999999999999999,0.09999999999999998,0.10999999999999999,0.0,1.0,2026-09-04T18:39:52.286155+00:00,180,0.37,0.25,False,,False,,False,,True,95.0,False,FROZEN DEVELOPMENT CANDIDATE — FORWARD SHADOW ONLY
KXBTC15M-26SEP041630-30|DOWN|SCALP|1788553047325,KXBTC15M-26SEP041630-30,DOWN,2026-09-04T20:17:27.325743+00:00,0.9657536917358387,0.39,0.38,752.67,12.5445,15.30000000000291,15.30000000000291,33.95000000001164,33.94000000000233,28.230000000010477,-0.010000000000000009,-0.010000000000000009,-0.07999999999999996,0.0,0.07999999999999996,0.0,2026-09-04T20:20:27.657717+00:00,180,0.52,0.36,True,20.0,False,,False,,False,,True,FROZEN DEVELOPMENT CANDIDATE — FORWARD SHADOW ONLY
KXBTC15M-26SEP041630-30|DOWN|SCALP|1788553237332,KXBTC15M-26SEP041630-30,DOWN,2026-09-04T20:20:37.332076+00:00,0.9741894665528814,0.37,0.36,562.67,9.377833333333333,12.059999999997672,12.059999999997672,26.55999999999767,27.44999999999709,20.110000000000582,-0.07,-0.07,-0.13,0.0,0.13,0.0,2026-09-04T20:23:37.578712+00:00,180,0.56,0.36,True,20.0,True,80.0,False,,False,,True,FROZEN DEVELOPMENT CANDIDATE — FORWARD SHADOW ONLY
KXBTC15M-26SEP041645-45|DOWN|SCALP|1788553927940,KXBTC15M-26SEP041645-45,DOWN,2026-09-04T20:32:07.940671+00:00,0.9457343830688029,0.45,0.44,772.06,12.867666666666667,20.979999999995925,20.979999999995925,20.75999999999476,19.629999999990105,28.95999999999185,-0.010000000000000009,-0.010000000000000009,0.030000000000000027,0.030000000000000027,0.010000000000000009,0.75,2026-09-04T20:35:08.214802+00:00,180,0.64,0.44,True,90.0,True,120.0,False,,False,,True,FROZEN DEVELOPMENT CANDIDATE — FORWARD SHADOW ONLY
KXBTC15M-26SEP041645-45|DOWN|SCALP|1788554322946,KXBTC15M-26SEP041645-45,DOWN,2026-09-04T20:38:42.946866+00:00,0.9799621522276394,0.38,0.37,377.05,6.284166666666667,32.33999999999651,32.33999999999651,43.84999999999127,34.59999999999127,29.830000000001746,-0.08000000000000002,-0.08000000000000002,-0.12,0.0,0.12,0.0,2026-09-04T20:41:43.296955+00:00,180,0.931,0.37,True,25.0,True,25.0,True,25.0,False,,True,FROZEN DEVELOPMENT CANDIDATE — FORWARD SHADOW ONLY
KXBTC15M-26SEP041700-00|DOWN|SCALP|1788555063461,KXBTC15M-26SEP041700-00,DOWN,2026-09-04T20:51:03.461866+00:00,0.9685685706725005,0.18,0.17,536.54,8.942333333333332,11.35000000000582,11.35000000000582,26.110000000000582,41.779999999998836,46.580000000001746,0.0,-0.03,-0.03,0.0,0.03,0.0,2026-09-04T20:54:08.711866+00:00,185,0.5,0.17,True,35.2,True,35.2,True,35.2,False,,True,FROZEN DEVELOPMENT CANDIDATE — FORWARD SHADOW ONLY
KXBTC15M-26SEP041700-00|DOWN|SCALP|1788555373443,KXBTC15M-26SEP041700-00,DOWN,2026-09-04T20:56:13.443416+00:00,0.9313386073398379,0.23,0.22,226.56,3.7760000000000002,-3.9099999999889405,3.9099999999889405,25.080000000001746,29.270000000004075,23.460000000006403,0.07,0.07,-0.13999999999999999,0.07,0.13999999999999999,0.33333333333333337,2026-09-04T20:59:13.678318+00:00,180,0.73,0.16,True,130.0,True,130.0,True,130.0,False,,True,FROZEN DEVELOPMENT CANDIDATE — FORWARD SHADOW ONLY
KXBTC15M-26SEP041730-30|UP|SCALP|1788557119746,KXBTC15M-26SEP041730-30,UP,2026-09-04T21:25:19.746678+00:00,0.9281749956386103,0.45,0.44,280.25,4.670833333333333,10.229999999995925,10.229999999995925,20.64999999999418,10.139999999999418,-11.470000000001164,-0.31,-0.31,-0.24999999999999994,0.0,0.31,0.0,2026-09-04T21:28:24.986412+00:00,185,0.61,0.24,True,20.0,True,20.0,False,,True,155.0,True,FROZEN DEVELOPMENT CANDIDATE — FORWARD SHADOW ONLY
KXBTC15M-26SEP041745-45|DOWN|SCALP|1788558168231,KXBTC15M-26SEP041745-45,DOWN,2026-09-04T21:42:48.231752+00:00,0.9353075684678739,0.066,0.065,131.77,2.196166666666667,17.270000000004075,17.270000000004075,58.13999999999942,56.63999999999942,55.26000000000931,-0.0059999999999999915,-0.0059999999999999915,-0.05399999999999999,0.0,0.05399999999999999,0.0,2026-09-04T21:45:28.914562+00:00,160,0.71,0.065,True,25.0,True,25.0,True,25.0,False,,True,FROZEN DEVELOPMENT CANDIDATE — FORWARD SHADOW ONLY
KXBTC15M-26SEP041815-15|DOWN|SCALP|1788559553921,KXBTC15M-26SEP041815-15,DOWN,2026-09-04T22:05:53.921466+00:00,0.9392633364889498,0.39,0.38,546.08,9.101333333333335,9.55000000000291,9.55000000000291,23.529999999998836,27.44999999999709,26.380000000004657,0.010000000000000009,0.010000000000000009,-0.010000000000000009,0.010000000000000009,0.010000000000000009,0.5,2026-09-04T22:08:54.164670+00:00,180,0.46,0.37,False,,False,,False,,False,,False,FROZEN DEVELOPMENT CANDIDATE — FORWARD SHADOW ONLY
KXBTC15M-26SEP041830-30|DOWN|SCALP|1788560699623,KXBTC15M-26SEP041830-30,DOWN,2026-09-04T22:24:59.623154+00:00,0.9632992873056362,0.34,0.33,300.38,5.006333333333333,22.110000000000582,22.110000000000582,19.95999999999185,50.84999999999127,50.80999999999767,0.0,0.14,0.10000000000000003,0.14,0.0,1.0,2026-09-04T22:27:59.871033+00:00,180,0.67,0.33,True,30.0,True,150.0,True,150.0,False,,True,FROZEN DEVELOPMENT CANDIDATE — FORWARD SHADOW ONLY
KXBTC15M-26SEP041830-30|DOWN|SCALP|1788560844615,KXBTC15M-26SEP041830-30,DOWN,2026-09-04T22:27:24.615146+00:00,0.9590416148463864,0.42,0.41,155.38,2.5896666666666666,27.160000000003492,27.160000000003492,20.089999999996508,23.630000000004657,23.630000000004657,0.0,0.010000000000000009,0.0,0.010000000000000009,0.0,1.0,2026-09-04T22:30:15.118379+00:00,170,0.76,0.014,True,5.0,True,5.0,True,5.0,True,140.0,True,FROZEN DEVELOPMENT CANDIDATE — FORWARD SHADOW ONLY
KXBTC15M-26SEP041845-45|DOWN|SCALP|1788561189832,KXBTC15M-26SEP041845-45,DOWN,2026-09-04T22:33:09.832900+00:00,0.9419794322038743,0.44,0.43,710.17,11.836166666666665,13.139999999999418,13.139999999999418,15.39999999999418,15.39999999999418,15.39999999999418,-0.02999999999999997,-0.02999999999999997,-0.07,0.0,0.07,0.0,2026-09-04T22:36:10.055081+00:00,180,0.61,0.43,True,95.0,True,155.0,False,,False,,True,FROZEN DEVELOPMENT CANDIDATE — FORWARD SHADOW ONLY
KXBTC15M-26SEP041930-30|DOWN|SCALP|1788563960939,KXBTC15M-26SEP041930-30,DOWN,2026-09-04T23:19:20.939479+00:00,0.9329794595642454,0.35,0.34,639.06,10.651,6.120000000009895,6.120000000009895,4.5,3.470000000001164,-5.190000000002328,-0.10000000000000003,-0.10000000000000003,-0.10000000000000003,0.0,0.10000000000000003,0.0,2026-09-04T23:22:21.180620+00:00,180,0.38,0.15,False,,False,,False,,True,55.0,False,FROZEN DEVELOPMENT CANDIDATE — FORWARD SHADOW ONLY
