ticker,correct,call_side,initial_fair,initial_signed_distance,is_known_miss,1m_signed_distance,1m_distance_gain,1m_fair,1m_fair_gain,1m_ask,2m_signed_distance,2m_distance_gain,2m_fair,2m_fair_gain,2m_ask,3m_signed_distance,3m_distance_gain,3m_fair,3m_fair_gain,3m_ask,4m_signed_distance,4m_distance_gain,4m_fair,4m_fair_gain,4m_ask,5m_signed_distance,5m_distance_gain,5m_fair,5m_fair_gain,5m_ask,6m_signed_distance,6m_distance_gain,6m_fair,6m_fair_gain,6m_ask,best_distance_gain_6m,worst_distance_gain_6m,best_fair_gain_6m,worst_fair_gain_6m,avg_distance_gain_1to6m,avg_fair_gain_1to6m,ever_plus25_distance,ever_plus50_distance,ever_plus5pt_fair,ever_plus10pt_fair
KXBTC15M-26AUG250900-00,True,UP,0.8018867924528301,138.63000000000466,False,154.18000000000757,15.55000000000291,0.8928571428571429,0.09097035040431278,0.85,171.48000000001048,32.85000000000582,0.9301075268817204,0.12822073442889026,0.91,167.47000000000116,28.839999999996508,0.988095238095238,0.1862084456424079,0.904,102.30000000000292,-36.33000000000173,0.9301075268817204,0.12822073442889026,0.93,124.52000000000407,-14.110000000000582,1.0,0.19811320754716988,0.917,100.99000000000524,-37.63999999999942,0.988095238095238,0.1862084456424079,0.917,32.85000000000582,-37.63999999999942,0.19811320754716988,0.09097035040431278,-1.8066666666660822,0.1529903196823465,True,False,True,True
KXBTC15M-26AUG250945-45,True,UP,0.8018867924528301,188.57000000000696,False,240.4100000000035,51.839999999996536,0.9301075268817204,0.12822073442889026,0.82,320.5300000000134,131.96000000000643,1.0,0.19811320754716988,0.902,436.9600000000064,248.38999999999945,1.0,0.19811320754716988,0.925,456.9300000000076,268.3600000000007,1.0,0.19811320754716988,0.964,508.7800000000134,320.2100000000064,1.0,0.19811320754716988,0.983,479.4300000000076,290.8600000000007,1.0,0.19811320754716988,0.989,320.2100000000064,51.839999999996536,0.19811320754716988,0.12822073442889026,218.60333333333506,0.18646446202745662,True,True,True,True
KXBTC15M-26AUG251000-00,True,DOWN,0.8018867924528301,190.9499999999971,False,186.75,-4.19999999999709,0.8018867924528301,0.0,0.64,198.59000000001103,7.640000000013941,0.8018867924528301,0.0,0.73,356.27999999999884,165.33000000000175,0.9301075268817204,0.12822073442889026,0.81,447.1100000000006,256.1600000000035,0.8928571428571429,0.09097035040431278,0.915,385.6200000000099,194.6700000000128,0.9301075268817204,0.12822073442889026,0.966,349.09000000001106,158.14000000001397,0.9655172413793104,0.16363044892648027,0.927,256.1600000000035,-4.19999999999709,0.16363044892648027,0.0,129.6233333333415,0.08517371136476226,True,True,True,True
KXBTC15M-26AUG251015-15,True,UP,0.8928571428571429,201.4899999999907,False,285.4899999999907,84.0,1.0,0.1071428571428571,0.81,245.0,43.51000000000931,1.0,0.1071428571428571,0.83,260.5399999999936,59.05000000000291,1.0,0.1071428571428571,0.8,293.6999999999971,92.2100000000064,1.0,0.1071428571428571,0.9,364.33000000000175,162.84000000001106,1.0,0.1071428571428571,0.975,362.0699999999924,160.5800000000017,1.0,0.1071428571428571,0.988,162.84000000001106,43.51000000000931,0.1071428571428571,0.1071428571428571,100.36500000000524,0.1071428571428571,True,True,True,True
KXBTC15M-26AUG251445-45,True,DOWN,0.890625,132.43000000000757,False,144.59000000001106,12.160000000003492,0.9487179487179488,0.05809294871794879,0.954,132.94000000000233,0.5099999999947613,0.9655172413793104,0.07489224137931039,0.943,119.95000000001164,-12.479999999995925,0.988095238095238,0.09747023809523803,0.966,99.1200000000099,-33.30999999999767,0.9301075268817204,0.03948252688172038,0.984,122.72000000000116,-9.710000000006403,0.988095238095238,0.09747023809523803,0.996,127.45000000001164,-4.9799999999959255,1.0,0.109375,0.999,12.160000000003492,-33.30999999999767,0.109375,0.03948252688172038,-7.968333333332946,0.0794638655282426,False,False,True,True
KXBTC15M-26AUG251600-00,True,UP,0.8018867924528301,118.75,False,146.7399999999907,27.989999999990687,0.8018867924528301,0.0,0.923,199.18999999998775,80.43999999998775,0.9301075268817204,0.12822073442889026,0.955,193.0,74.25,0.988095238095238,0.1862084456424079,0.97,142.0,23.25,0.9301075268817204,0.12822073442889026,0.941,186.31999999999243,67.56999999999243,1.0,0.19811320754716988,0.995,174.86000000000058,56.11000000000058,1.0,0.19811320754716988,0.999,80.43999999998775,23.25,0.19811320754716988,0.0,54.93499999999525,0.13981272159908803,True,True,True,True
KXBTC15M-26AUG251630-30,False,UP,0.8018867924528301,101.8799999999901,True,43.58999999999651,-58.2899999999936,0.6065573770491803,-0.1953294154036498,0.8,58.06999999999243,-43.80999999999767,0.6347826086956522,-0.16710418375717795,0.64,50.22000000000117,-51.65999999998893,0.6347826086956522,-0.16710418375717795,0.71,53.75999999999476,-48.11999999999534,0.7593984962406015,-0.042488296212228605,0.74,27.75,-74.1299999999901,0.721540222080177,-0.08034657037265314,0.85,-11.84000000001106,-113.72000000000116,0.4285714285714285,-0.37331536388140163,0.58,-43.80999999999767,-113.72000000000116,-0.042488296212228605,-0.37331536388140163,-64.95499999999447,-0.17094800223071482,False,False,False,False
KXBTC15M-26AUG251815-15,True,UP,0.890625,144.13999999999942,False,180.2599999999948,36.11999999999537,0.8928571428571429,0.0022321428571429047,0.84,188.1800000000076,44.04000000000818,0.988095238095238,0.09747023809523803,0.945,253.49000000000524,109.35000000000582,1.0,0.109375,0.976,242.36999999999531,98.2299999999959,1.0,0.109375,0.97,255.57000000000696,111.43000000000754,1.0,0.109375,0.98,319.58000000000175,175.44000000000233,1.0,0.109375,0.998,175.44000000000233,36.11999999999537,0.109375,0.0022321428571429047,95.76833333333586,0.08953373015873016,True,True,True,True
KXBTC15M-26AUG251845-45,True,UP,0.8018867924528301,178.80999999999767,False,177.65999999998894,-1.1500000000087311,0.890625,0.08873820754716988,0.918,211.9499999999971,33.13999999999942,0.9487179487179488,0.14683115626511867,0.919,228.6999999999971,49.88999999999942,1.0,0.19811320754716988,0.956,195.6599999999889,16.84999999999124,1.0,0.19811320754716988,0.945,192.3399999999965,13.529999999998836,1.0,0.19811320754716988,0.965,197.6999999999971,18.889999999999418,1.0,0.19811320754716988,0.956,49.88999999999942,-1.1500000000087311,0.19811320754716988,0.08873820754716988,21.858333333329934,0.1713370323334947,True,False,True,True
KXBTC15M-26AUG251900-00,True,UP,0.890625,97.38000000000466,False,87.74000000000524,-9.639999999999418,0.8928571428571429,0.0022321428571429047,0.78,92.9600000000064,-4.419999999998254,0.8928571428571429,0.0022321428571429047,0.86,103.38000000000466,6.0,0.9301075268817204,0.03948252688172038,0.902,116.85000000000582,19.470000000001164,1.0,0.109375,0.933,110.29000000000816,12.910000000003507,1.0,0.109375,0.961,142.8000000000029,45.419999999998254,1.0,0.109375,0.98,45.419999999998254,-9.639999999999418,0.109375,0.0022321428571429047,11.623333333334209,0.062011968766001034,True,False,True,True
KXBTC15M-26AUG251930-30,True,DOWN,0.8018867924528301,139.58000000000175,False,155.3399999999965,15.759999999994761,0.890625,0.08873820754716988,0.9,183.1800000000076,43.60000000000585,0.9301075268817204,0.12822073442889026,0.921,191.8000000000029,52.220000000001164,0.9301075268817204,0.12822073442889026,0.925,202.5899999999965,63.00999999999476,1.0,0.19811320754716988,0.936,238.16999999999825,98.58999999999651,1.0,0.19811320754716988,0.977,286.1600000000035,146.58000000000175,0.988095238095238,0.1862084456424079,0.989,146.58000000000175,15.759999999994761,0.19811320754716988,0.08873820754716988,69.95999999999913,0.15460242285694967,True,True,True,True
KXBTC15M-26AUG252000-00,True,DOWN,0.8018867924528301,120.65000000000872,False,130.11000000000058,9.459999999991865,0.8018867924528301,0.0,0.87,146.95000000001164,26.300000000002925,0.9301075268817204,0.12822073442889026,0.925,118.04000000000816,-2.6100000000005537,0.9301075268817204,0.12822073442889026,0.919,84.19000000000233,-36.46000000000639,0.8018867924528301,0.0,0.79,83.55000000000291,-37.10000000000581,0.890625,0.08873820754716988,0.88,-13.959999999991853,-134.61000000000058,0.3652173913043478,-0.4366694011484823,0.6,26.300000000002925,-134.61000000000058,0.12822073442889026,-0.4366694011484823,-29.17000000000309,-0.015248287457255316,True,False,True,True
KXBTC15M-26AUG252100-00,True,UP,0.8018867924528301,105.58999999999652,False,168.70999999999185,63.11999999999533,0.8018867924528301,0.0,0.65,159.68999999998778,54.099999999991255,0.7593984962406015,-0.042488296212228605,0.74,225.5799999999872,119.98999999999067,1.0,0.19811320754716988,0.88,277.2299999999959,171.63999999999942,1.0,0.19811320754716988,0.935,287.7599999999948,182.1699999999983,1.0,0.19811320754716988,0.936,299.6499999999942,194.05999999999767,1.0,0.19811320754716988,0.964,194.05999999999767,54.099999999991255,0.19811320754716988,-0.042488296212228605,130.84666666666212,0.12499408899607516,True,True,True,True
KXBTC15M-26AUG252115-15,True,UP,0.8928571428571429,184.0800000000017,False,217.34999999999127,33.26999999998958,1.0,0.1071428571428571,0.903,257.41999999999825,73.33999999999656,1.0,0.1071428571428571,0.911,231.63999999999945,47.55999999999776,1.0,0.1071428571428571,0.945,194.4499999999971,10.3699999999954,1.0,0.1071428571428571,0.94,119.41000000000348,-64.66999999999821,0.9301075268817204,0.037250384024577476,0.917,134.41999999999825,-49.660000000003436,0.9487179487179488,0.055860805860805884,0.944,73.33999999999656,-64.66999999999821,0.1071428571428571,0.037250384024577476,8.368333333329609,0.08694710307613529,True,True,True,True
KXBTC15M-26AUG252145-45,True,UP,0.8018867924528301,177.97000000000116,False,155.49000000000524,-22.479999999995925,0.7593984962406015,-0.042488296212228605,0.88,209.63999999999945,31.669999999998282,0.9301075268817204,0.12822073442889026,0.89,226.58000000000172,48.610000000000554,0.988095238095238,0.1862084456424079,0.911,194.77999999999884,16.80999999999767,0.988095238095238,0.1862084456424079,0.953,180.0,2.029999999998836,1.0,0.19811320754716988,0.935,194.99000000000524,17.020000000004075,1.0,0.19811320754716988,0.946,48.610000000000554,-22.479999999995925,0.19811320754716988,-0.042488296212228605,15.610000000000582,0.1423959574326362,True,False,True,True
KXBTC15M-26AUG252230-30,True,UP,0.8018867924528301,124.72999999999593,False,157.22999999999593,32.5,0.890625,0.08873820754716988,0.88,102.50999999999476,-22.220000000001164,0.8928571428571429,0.09097035040431278,0.89,126.11999999999534,1.389999999999418,0.9301075268817204,0.12822073442889026,0.9,175.2899999999936,50.55999999999767,1.0,0.19811320754716988,0.971,247.88000000000463,123.1500000000087,1.0,0.19811320754716988,0.985,364.8600000000006,240.13000000000466,1.0,0.19811320754716988,0.994,240.13000000000466,-22.220000000001164,0.19811320754716988,0.08873820754716988,70.91833333333489,0.15037815250364708,True,True,True,True
KXBTC15M-26AUG260100-00,True,DOWN,0.890625,162.74000000000524,False,111.49000000000524,-51.25,0.7261146496815287,-0.16451035031847128,0.7,100.74000000000524,-62.0,0.7593984962406015,-0.13122650375939848,0.72,97.83999999999652,-64.90000000000872,0.7593984962406015,-0.13122650375939848,0.73,114.58999999999652,-48.15000000000872,0.890625,0.0,0.84,83.57000000000698,-79.16999999999825,0.890625,0.0,0.85,87.55000000000291,-75.19000000000233,0.890625,0.0,0.83,-48.15000000000872,-79.16999999999825,0.0,-0.16451035031847128,-63.44333333333634,-0.07116055963954471,False,False,False,False
KXBTC15M-26AUG260845-45,True,DOWN,0.8018867924528301,206.86000000000053,False,206.73000000001048,-0.12999999999004785,0.9301075268817204,0.12822073442889026,0.8,241.29000000000812,34.430000000007595,0.9301075268817204,0.12822073442889026,0.83,314.5599999999977,107.69999999999715,0.9301075268817204,0.12822073442889026,0.93,454.08000000000175,247.22000000000122,0.9301075268817204,0.12822073442889026,0.981,370.4100000000035,163.55000000000297,0.9487179487179488,0.14683115626511867,0.968,383.5899999999965,176.72999999999598,0.988095238095238,0.1862084456424079,0.993,247.22000000000122,-0.12999999999004785,0.1862084456424079,0.12822073442889026,121.5833333333358,0.14098708993718126,True,True,True,True
KXBTC15M-26AUG260945-45,True,UP,0.9301075268817204,271.8799999999901,False,221.11000000000055,-50.76999999998955,0.8928571428571429,-0.037250384024577476,0.89,242.5899999999965,-29.289999999993597,0.9655172413793104,0.035409714497590006,0.89,309.59999999999127,37.720000000001164,0.988095238095238,0.057987711213517645,0.943,372.1100000000006,100.23000000001048,1.0,0.06989247311827962,0.975,363.25,91.3700000000099,1.0,0.06989247311827962,0.987,390.2399999999907,118.36000000000058,1.0,0.06989247311827962,0.99,118.36000000000058,-50.76999999998955,0.06989247311827962,-0.037250384024577476,44.60333333333983,0.04430407684022817,True,True,True,False
KXBTC15M-26AUG261000-00,True,DOWN,0.9301075268817204,175.00999999999476,False,225.42999999999304,50.41999999999828,0.9301075268817204,0.0,0.86,329.4799999999959,154.47000000000116,0.9301075268817204,0.0,0.94,219.8299999999872,44.81999999999243,0.9301075268817204,0.0,0.962,230.77999999999884,55.770000000004075,0.9487179487179488,0.018610421836228408,0.963,132.5,-42.50999999999476,0.8928571428571429,-0.037250384024577476,0.903,130.36999999999534,-44.63999999999942,0.988095238095238,0.057987711213517645,0.97,154.47000000000116,-44.63999999999942,0.057987711213517645,-0.037250384024577476,36.38833333333363,0.006557958170861429,True,True,True,False
KXBTC15M-26AUG261015-15,True,UP,0.8018867924528301,99.55999999999769,False,94.45999999999184,-5.100000000005849,0.8018867924528301,0.0,0.72,149.47000000000116,49.91000000000348,0.9301075268817204,0.12822073442889026,0.83,165.5399999999936,65.97999999999591,0.9655172413793104,0.16363044892648027,0.87,121.22999999999593,21.66999999999824,0.9301075268817204,0.12822073442889026,0.903,64.63999999999942,-34.91999999999827,0.7261146496815287,-0.0757721427713014,0.83,100.75999999999476,1.1999999999970754,0.9301075268817204,0.12822073442889026,0.952,65.97999999999591,-34.91999999999827,0.16363044892648027,-0.0757721427713014,16.4566666666651,0.07875341824030828,True,True,True,True
KXBTC15M-26AUG261145-45,True,DOWN,0.9301075268817204,182.2599999999948,False,161.26999999998952,-20.990000000005267,0.8928571428571429,-0.037250384024577476,0.87,163.26999999998952,-18.990000000005267,0.9301075268817204,0.0,0.905,171.56999999999243,-10.690000000002357,0.988095238095238,0.057987711213517645,0.912,141.1299999999901,-41.130000000004685,0.9301075268817204,0.0,0.937,106.72000000000116,-75.53999999999363,0.9301075268817204,0.0,0.906,27.00999999999476,-155.25000000000003,0.6065573770491803,-0.32355014983254005,0.79,-10.690000000002357,-155.25000000000003,0.057987711213517645,-0.32355014983254005,-53.76500000000187,-0.05046880377393331,False,False,True,False
KXBTC15M-26AUG261215-15,True,UP,0.8018867924528301,99.94000000000231,False,93.35000000000582,-6.589999999996493,0.8018867924528301,0.0,0.74,107.13999999999942,7.199999999997104,0.8928571428571429,0.09097035040431278,0.77,101.44999999999708,1.5099999999947613,0.8928571428571429,0.09097035040431278,0.8,144.94000000000233,45.000000000000014,1.0,0.19811320754716988,0.91,137.3399999999965,37.39999999999419,1.0,0.19811320754716988,0.933,142.8399999999965,42.89999999999419,1.0,0.19811320754716988,0.923,45.000000000000014,-6.589999999996493,0.19811320754716988,0.0,21.23666666666396,0.12938005390835586,True,False,True,True
KXBTC15M-26AUG261315-15,True,UP,0.8018867924528301,65.77999999999884,False,62.08999999999651,-3.6900000000023283,0.7593984962406015,-0.042488296212228605,0.56,102.5,36.720000000001164,0.9301075268817204,0.12822073442889026,0.84,88.41000000000349,22.630000000004657,0.9655172413793104,0.16363044892648027,0.85,94.1299999999901,28.34999999999127,0.9301075268817204,0.12822073442889026,0.905,65.19000000000233,-0.5899999999965075,0.9301075268817204,0.12822073442889026,0.84,100.86000000000058,35.080000000001746,1.0,0.19811320754716988,0.962,36.720000000001164,-3.6900000000023283,0.19811320754716988,-0.042488296212228605,19.75,0.11731959392468205,True,False,True,True
KXBTC15M-26AUG261330-30,True,UP,0.890625,126.40999999998894,False,126.97999999999593,0.5700000000069849,0.9301075268817204,0.03948252688172038,0.9,174.66999999999825,48.26000000000931,0.9301075268817204,0.03948252688172038,0.945,124.86000000000058,-1.5499999999883585,0.9301075268817204,0.03948252688172038,0.958,190.39999999999415,63.99000000000521,0.988095238095238,0.09747023809523803,0.965,234.2199999999866,107.80999999999767,1.0,0.109375,0.985,237.1299999999901,110.72000000000116,1.0,0.109375,0.996,110.72000000000116,-1.5499999999883585,0.109375,0.03948252688172038,54.966666666672005,0.0724446364567332,True,True,True,True
KXBTC15M-26AUG261400-00,True,DOWN,0.8018867924528301,149.73000000001048,False,89.51000000000931,-60.220000000001164,0.5909090909090908,-0.2109777015437393,0.9,126.63999999999942,-23.09000000001106,0.890625,0.08873820754716988,0.79,93.98000000001048,-55.75,0.7261146496815287,-0.0757721427713014,0.83,96.11000000000058,-53.620000000009895,0.8018867924528301,0.0,0.89,79.02999999999884,-70.70000000001164,0.7593984962406015,-0.042488296212228605,0.87,48.38999999999942,-101.34000000001106,0.6065573770491803,-0.1953294154036498,0.82,-23.09000000001106,-101.34000000001106,0.08873820754716988,-0.2109777015437393,-60.78666666667414,-0.07263822473062487,False,False,True,False
KXBTC15M-26AUG261415-15,True,UP,0.8018867924528301,90.73000000001048,False,62.74000000000524,-27.99000000000524,0.7593984962406015,-0.042488296212228605,0.67,57.05000000000291,-33.68000000000757,0.7593984962406015,-0.042488296212228605,0.76,28.470000000001164,-62.26000000000931,0.7261146496815287,-0.0757721427713014,0.65,89.75,-0.9800000000104774,0.988095238095238,0.1862084456424079,0.9,97.79000000000816,7.059999999997686,1.0,0.19811320754716988,0.935,118.19000000000231,27.459999999991837,1.0,0.19811320754716988,0.927,27.459999999991837,-62.26000000000931,0.19811320754716988,-0.0757721427713014,-15.06500000000718,0.07028102092349818,True,False,True,True
KXBTC15M-26AUG261500-00,True,UP,0.890625,108.0,False,73.39999999999418,-34.60000000000582,0.7261146496815287,-0.16451035031847128,0.77,103.14999999999418,-4.850000000005821,0.8928571428571429,0.0022321428571429047,0.8,110.61999999999534,2.6199999999953434,0.988095238095238,0.09747023809523803,0.89,126.2899999999936,18.289999999993597,0.9301075268817204,0.03948252688172038,0.936,138.4600000000064,30.460000000006403,0.988095238095238,0.09747023809523803,0.948,136.19000000000233,28.19000000000233,1.0,0.109375,0.976,30.460000000006403,-34.60000000000582,0.109375,-0.16451035031847128,6.684999999997672,0.03025329926847801,True,False,True,True
KXBTC15M-26AUG261615-15,False,UP,0.8018867924528301,66.54000000000815,True,72.69000000000233,6.149999999994179,0.8018867924528301,0.0,0.73,61.419999999998254,-5.120000000009895,0.890625,0.08873820754716988,0.81,66.2100000000064,-0.33000000000174623,0.9487179487179488,0.14683115626511867,0.86,19.30000000000291,-47.24000000000524,0.7261146496815287,-0.0757721427713014,0.77,34.94999999999709,-31.59000000001106,0.7261146496815287,-0.0757721427713014,0.71,-8.330000000001746,-74.8700000000099,0.4336734693877551,-0.36821332306507504,0.66,6.149999999994179,-74.8700000000099,0.14683115626511867,-0.36821332306507504,-25.500000000007276,-0.047364707465898215,False,False,True,True
KXBTC15M-26AUG261815-15,True,UP,0.9301075268817204,106.72000000000116,False,105.77000000000407,-0.9499999999970896,0.9301075268817204,0.0,0.82,64.94000000000233,-41.779999999998836,0.7593984962406015,-0.17070903064111886,0.75,86.30999999999767,-20.410000000003492,0.9301075268817204,0.0,0.82,42.08000000000175,-64.63999999999942,0.6347826086956522,-0.2953249181860682,0.81,34.729999999995925,-71.99000000000524,0.6065573770491803,-0.32355014983254005,0.66,8.720000000001164,-98.0,0.7261146496815287,-0.20399287720019166,0.79,-0.9499999999970896,-98.0,0.0,-0.32355014983254005,-49.62833333333401,-0.1655961626433198,False,False,False,False
KXBTC15M-26AUG261830-30,True,UP,0.890625,138.74000000000524,False,198.54000000000812,59.80000000000288,0.9301075268817204,0.03948252688172038,0.88,171.15000000000873,32.41000000000349,0.9301075268817204,0.03948252688172038,0.933,166.52000000000407,27.779999999998836,0.9487179487179488,0.05809294871794879,0.919,72.43000000000757,-66.30999999999767,0.7593984962406015,-0.13122650375939848,0.909,97.32000000000698,-41.419999999998254,0.890625,0.0,0.911,131.75,-6.990000000005239,0.9301075268817204,0.03948252688172038,0.975,59.80000000000288,-66.30999999999767,0.05809294871794879,-0.13122650375939848,0.8783333333340076,0.007552337600618575,True,True,True,False
KXBTC15M-26AUG261845-45,True,DOWN,0.890625,117.93000000000757,False,166.23000000001048,48.30000000000291,0.9301075268817204,0.03948252688172038,0.76,161.95000000001164,44.020000000004075,0.9487179487179488,0.05809294871794879,0.82,216.45000000001164,98.52000000000407,0.988095238095238,0.09747023809523803,0.86,190.63000000000463,72.69999999999706,1.0,0.109375,0.961,207.63999999999945,89.70999999999188,1.0,0.109375,0.989,140.83000000000175,22.89999999999418,0.988095238095238,0.09747023809523803,0.98,98.52000000000407,22.89999999999418,0.109375,0.03948252688172038,62.6916666666657,0.0852109919650242,True,True,True,True
