ticker,official_truth,last_timestamp,last_remaining_min,last_distance,last_proxy_side,final60_n,final60_mean_distance,final60_proxy_side,final90_n,final90_mean_distance,final90_proxy_side,final120_n,final120_mean_distance,final120_proxy_side,last_proxy_correct,final60_proxy_correct,final90_proxy_correct,final120_proxy_correct,abs_last_distance,distance_bucket,near_strike_proxy_risk,proxy_disagrees_with_official
KXBTC15M-26AUG230930-30,UP,2026-08-23 13:29:50.157681+00:00,0.16403865,129.81999999999243,UP,2,134.99999999999272,UP,3,144.42999999999302,UP,4,152.9224999999933,UP,True,True,True,True,129.81999999999243,$100-$200,False,False
KXBTC15M-26AUG230945-45,UP,2026-08-23 13:44:50.253341+00:00,0.1624443166666666,56.90999999998894,UP,2,43.26999999998952,UP,3,39.69333333332421,UP,4,38.46749999999156,UP,True,True,True,True,56.90999999998894,$50-$100,True,False
KXBTC15M-26AUG231000-00,DOWN,2026-08-23 13:46:50.300294+00:00,13.161661766666668,-13.15999999998894,DOWN,0,,,0,,,0,,,True,False,False,False,13.15999999998894,$0-$25,True,False
KXBTC15M-26AUG231030-30,DOWN,2026-08-23 14:29:43.732018+00:00,0.2711330333333333,-103.04000000000816,DOWN,2,-84.11000000000786,DOWN,3,-76.70666666667482,DOWN,4,-77.3975000000064,DOWN,True,True,True,True,103.04000000000816,$100-$200,False,False
KXBTC15M-26AUG231045-45,DOWN,2026-08-23 14:44:43.745473+00:00,0.2709087833333333,-386.9199999999983,DOWN,2,-404.1100000000006,DOWN,3,-449.65333333333547,DOWN,4,-480.4975000000013,DOWN,True,True,True,True,386.9199999999983,$200-$500,False,False
KXBTC15M-26AUG231100-00,UP,2026-08-23 14:59:43.715236+00:00,0.2714127333333333,98.19000000000231,UP,2,111.84500000000116,UP,3,108.23333333333237,UP,4,112.97249999999985,UP,True,True,True,True,98.19000000000231,$50-$100,True,False
KXBTC15M-26AUG231115-15,UP,2026-08-23 15:14:43.680885+00:00,0.27198525,3.0499999999883585,UP,2,4.009999999987485,UP,3,20.089999999991658,UP,4,29.72249999999258,UP,True,True,True,True,3.0499999999883585,$0-$25,True,False
KXBTC15M-26AUG231130-30,UP,2026-08-23 15:29:43.771347+00:00,0.27047755,6.4799999999959255,UP,2,3.9949999999953434,UP,3,2.7099999999967017,UP,4,3.842499999995198,UP,True,True,True,True,6.4799999999959255,$0-$25,True,False
KXBTC15M-26AUG231145-45,UP,2026-08-23 15:44:43.735308+00:00,0.2710782,83.32000000000698,UP,2,96.21500000000378,UP,3,95.15000000000389,UP,4,92.72750000000451,UP,True,True,True,True,83.32000000000698,$50-$100,True,False
KXBTC15M-26AUG231200-00,DOWN,2026-08-23 15:59:43.946873+00:00,0.2675521166666667,-127.77999999999884,DOWN,2,-137.61499999999796,DOWN,3,-140.8166666666657,DOWN,4,-138.65749999999753,DOWN,True,True,True,True,127.77999999999884,$100-$200,False,False
KXBTC15M-26AUG231215-15,UP,2026-08-23 16:14:43.859903+00:00,0.2690016166666666,119.3799999999901,UP,2,118.34499999999389,UP,3,120.63666666666298,UP,4,116.79249999999593,UP,True,True,True,True,119.3799999999901,$100-$200,False,False
KXBTC15M-26AUG231230-30,UP,2026-08-23 16:29:44.202041+00:00,0.2632993166666666,32.43000000000757,UP,2,37.395000000004075,UP,3,38.28333333333527,UP,4,36.49750000000131,UP,True,True,True,True,32.43000000000757,$25-$50,True,False
KXBTC15M-26AUG231245-45,UP,2026-08-23 16:44:44.026209+00:00,0.26622985,82.16999999999825,UP,2,83.85499999999593,UP,3,97.64333333332615,UP,4,102.93749999999272,UP,True,True,True,True,82.16999999999825,$50-$100,True,False
KXBTC15M-26AUG231300-00,UP,2026-08-23 16:59:44.001277+00:00,0.2666453833333333,26.970000000001164,UP,2,31.93000000000029,UP,3,33.583333333333336,UP,4,39.22750000000087,UP,True,True,True,True,26.970000000001164,$25-$50,True,False
KXBTC15M-26AUG231315-15,DOWN,2026-08-23 17:14:44.007311+00:00,0.2665448166666667,-135.27999999999884,DOWN,2,-132.4300000000003,DOWN,3,-123.91666666666667,DOWN,4,-119.12000000000262,DOWN,True,True,True,True,135.27999999999884,$100-$200,False,False
KXBTC15M-26AUG231330-30,DOWN,2026-08-23 17:29:43.914517+00:00,0.2680913833333333,-65.09000000001106,DOWN,2,-65.09000000001106,DOWN,3,-60.67000000000795,DOWN,4,-58.53250000000844,DOWN,True,True,True,True,65.09000000001106,$50-$100,True,False
KXBTC15M-26AUG231345-45,UP,2026-08-23 17:44:46.725088+00:00,0.2212485333333333,1.2400000000052387,UP,2,7.750000000007275,UP,3,13.333333333338183,UP,4,10.522500000006403,UP,True,True,True,True,1.2400000000052387,$0-$25,True,False
KXBTC15M-26AUG231400-00,DOWN,2026-08-23 17:59:37.646554+00:00,0.3725574333333333,-31.09999999999127,DOWN,2,-30.90499999999156,DOWN,3,-35.08333333332848,DOWN,4,-37.45249999999578,DOWN,True,True,True,True,31.09999999999127,$25-$50,True,False
KXBTC15M-26AUG231415-15,UP,2026-08-23 18:14:55.182832+00:00,0.0802861333333333,143.26999999998952,UP,3,135.95999999999185,UP,4,138.66249999999127,UP,5,147.15599999999102,UP,True,True,True,True,143.26999999998952,$100-$200,False,False
KXBTC15M-26AUG231430-30,UP,2026-08-23 18:29:48.842226+00:00,0.1859629,18.19999999999709,UP,2,26.50499999999738,UP,3,30.256666666663175,UP,4,27.399999999997817,UP,True,True,True,True,18.19999999999709,$0-$25,True,False
KXBTC15M-26AUG231445-45,DOWN,2026-08-23 18:44:49.043405+00:00,0.1826099166666666,-33.429999999993015,DOWN,2,-35.38999999999214,DOWN,3,-33.58333333332848,DOWN,4,-32.76749999999447,DOWN,True,True,True,True,33.429999999993015,$25-$50,True,False
KXBTC15M-26AUG231500-00,DOWN,2026-08-23 18:59:49.001788+00:00,0.1833035333333333,-2.059999999997672,DOWN,2,-2.959999999999127,DOWN,3,-7.943333333333915,DOWN,4,-13.297500000000582,DOWN,True,True,True,True,2.059999999997672,$0-$25,True,False
KXBTC15M-26AUG231515-15,DOWN,2026-08-23 19:14:32.663197+00:00,0.4556133833333333,-14.860000000000582,DOWN,2,-18.6449999999968,DOWN,3,-34.283333333330425,DOWN,4,-39.24499999999898,DOWN,True,True,True,True,14.860000000000582,$0-$25,True,False
KXBTC15M-26AUG231530-30,UP,2026-08-23 19:29:29.118669+00:00,0.51468885,34.95999999999185,UP,2,27.574999999989814,UP,3,26.703333333323826,UP,4,26.869999999991705,UP,True,True,True,True,34.95999999999185,$25-$50,True,False
KXBTC15M-26AUG231545-45,UP,2026-08-23 19:44:39.906023+00:00,0.3348996166666666,81.16000000000349,UP,2,75.91000000000349,UP,4,66.72249999999985,UP,5,56.61000000000058,UP,True,True,True,True,81.16000000000349,$50-$100,True,False
KXBTC15M-26AUG231600-00,DOWN,2026-08-23 19:59:55.159030+00:00,0.0806828333333333,-85.38999999999942,DOWN,3,-82.74000000000039,DOWN,4,-80.53750000000218,DOWN,6,-79.94833333333615,DOWN,True,True,True,True,85.38999999999942,$50-$100,True,False
KXBTC15M-26AUG231615-15,DOWN,2026-08-23 20:14:55.594222+00:00,0.0734296333333333,-72.26000000000931,DOWN,3,-74.04666666667133,DOWN,4,-77.01500000000306,DOWN,5,-77.39800000000396,DOWN,True,True,True,True,72.26000000000931,$50-$100,True,False
KXBTC15M-26AUG231630-30,UP,2026-08-23 20:29:57.541413+00:00,0.04097645,106.25999999999476,UP,3,120.03666666666201,UP,4,121.22249999999622,UP,5,121.93399999999674,UP,True,True,True,True,106.25999999999476,$100-$200,False,False
KXBTC15M-26AUG231645-45,UP,2026-08-23 20:44:51.833370+00:00,0.1361105,19.75,UP,3,32.18666666666589,UP,4,29.819999999999713,UP,5,28.4,UP,True,True,True,True,19.75,$0-$25,True,False
KXBTC15M-26AUG231700-00,DOWN,2026-08-23 20:59:58.622163+00:00,0.02296395,-30.41000000000349,DOWN,3,-31.093333333337796,DOWN,4,-31.127500000005966,DOWN,6,-31.888333333338476,DOWN,True,True,True,True,30.41000000000349,$25-$50,True,False
KXBTC15M-26AUG231715-15,UP,2026-08-23 21:14:43.227626+00:00,0.2795395666666666,292.3899999999994,UP,2,285.86999999999534,UP,3,286.24999999999517,UP,5,269.91599999999744,UP,True,True,True,True,292.3899999999994,$200-$500,False,False
KXBTC15M-26AUG231730-30,UP,2026-08-23 21:29:49.146721+00:00,0.1808879833333333,345.6000000000058,UP,3,326.75666666667286,UP,4,325.25500000000466,UP,5,318.4640000000043,UP,True,True,True,True,345.6000000000058,$200-$500,False,False
KXBTC15M-26AUG231745-45,DOWN,2026-08-23 21:44:35.432318+00:00,0.4094613666666667,-398.7600000000093,DOWN,2,-402.580000000009,DOWN,3,-414.0366666666717,DOWN,4,-414.73750000000655,DOWN,True,True,True,True,398.7600000000093,$200-$500,False,False
KXBTC15M-26AUG231800-00,UP,2026-08-23 21:59:55.411317+00:00,0.0764780499999999,218.88000000000463,UP,3,194.94333333333392,UP,4,188.32749999999942,UP,5,183.17399999999907,UP,True,True,True,True,218.88000000000463,$200-$500,False,False
KXBTC15M-26AUG231815-15,DOWN,2026-08-23 22:14:53.015150+00:00,0.1164141666666666,-96.94000000000231,DOWN,3,-121.72666666666919,DOWN,4,-118.8550000000032,DOWN,5,-115.84600000000209,DOWN,True,True,True,True,96.94000000000231,$50-$100,True,False
KXBTC15M-26AUG231830-30,UP,2026-08-23 22:29:28.204856+00:00,0.5299190666666667,2.539999999993597,UP,2,6.1049999999959255,UP,3,25.28666666666201,UP,4,48.00499999999374,UP,True,True,True,True,2.539999999993597,$0-$25,True,False
KXBTC15M-26AUG231845-45,DOWN,2026-08-23 22:44:50.018944+00:00,0.1663509333333333,-50.36000000000058,DOWN,3,-42.9066666666719,DOWN,4,-40.892500000005384,DOWN,5,-38.64000000000524,DOWN,True,True,True,True,50.36000000000058,$50-$100,True,False
KXBTC15M-26AUG231900-00,DOWN,2026-08-23 22:59:43.629189+00:00,0.27284685,-61.229999999995925,DOWN,2,-67.10499999999593,DOWN,3,-69.41999999999341,DOWN,5,-70.09799999999522,DOWN,True,True,True,True,61.229999999995925,$50-$100,True,False
KXBTC15M-26AUG231915-15,DOWN,2026-08-23 23:14:50.798171+00:00,0.1533638166666666,-134.97999999999593,DOWN,3,-143.13999999999942,DOWN,4,-149.6949999999997,DOWN,5,-152.51199999999955,DOWN,True,True,True,True,134.97999999999593,$100-$200,False,False
KXBTC15M-26AUG231930-30,UP,2026-08-23 23:29:47.182279+00:00,0.2136286833333333,196.44000000000236,UP,2,172.13000000000466,UP,4,151.79250000000684,UP,5,143.7420000000071,UP,True,True,True,True,196.44000000000236,$100-$200,False,False
KXBTC15M-26AUG231945-45,DOWN,2026-08-23 23:44:49.787786+00:00,0.1702035666666666,-147.0100000000093,DOWN,3,-178.8000000000029,DOWN,4,-174.86750000000393,DOWN,5,-170.6420000000042,DOWN,True,True,True,True,147.0100000000093,$100-$200,False,False
KXBTC15M-26AUG232000-00,UP,2026-08-23 23:59:59.134920+00:00,0.0144179999999999,276.1499999999942,UP,3,260.7133333333283,UP,4,272.81749999999374,UP,5,278.02999999999304,UP,True,True,True,True,276.1499999999942,$200-$500,False,False
KXBTC15M-26AUG232015-15,DOWN,2026-08-24 00:14:59.006009+00:00,0.0165665166666666,-95.92999999999302,DOWN,3,-87.95333333332867,DOWN,4,-82.86249999999563,DOWN,5,-76.34799999999522,DOWN,True,True,True,True,95.92999999999302,$50-$100,True,False
KXBTC15M-26AUG232030-30,DOWN,2026-08-24 00:29:53.165549+00:00,0.1139075166666666,-199.9600000000064,DOWN,3,-215.93333333333916,DOWN,4,-219.32000000000335,DOWN,5,-223.86000000000348,DOWN,True,True,True,True,199.9600000000064,$100-$200,False,False
KXBTC15M-26AUG232045-45,DOWN,2026-08-24 00:44:53.361502+00:00,0.1106416333333333,-175.7100000000064,DOWN,3,-156.64666666666744,DOWN,4,-135.83750000000146,DOWN,5,-117.28600000000151,DOWN,True,True,True,True,175.7100000000064,$100-$200,False,False
KXBTC15M-26AUG232100-00,UP,2026-08-24 00:48:56.022804+00:00,11.066286600000002,87.84999999999127,UP,0,,,0,,,0,,,True,False,False,False,87.84999999999127,$50-$100,True,False
KXBTC15M-26AUG232230-30,UP,2026-08-24 02:29:45.905300+00:00,0.2349116666666666,67.72000000000116,UP,1,67.72000000000116,UP,1,67.72000000000116,UP,1,67.72000000000116,UP,True,True,True,True,67.72000000000116,$50-$100,True,False
KXBTC15M-26AUG232245-45,UP,2026-08-24 02:44:20.864151+00:00,0.65226415,6.900000000008731,UP,1,6.900000000008731,UP,1,6.900000000008731,UP,2,10.365000000005239,UP,True,True,True,True,6.900000000008731,$0-$25,True,False
KXBTC15M-26AUG232300-00,UP,2026-08-24 02:59:25.183629+00:00,0.58027285,-3.4100000000034925,DOWN,1,-3.4100000000034925,DOWN,2,1.8850000000020373,UP,2,1.8850000000020373,UP,False,False,True,True,3.4100000000034925,$0-$25,True,True
KXBTC15M-26AUG232315-15,DOWN,2026-08-24 03:14:49.822881+00:00,0.1696186499999999,-235.2599999999948,DOWN,1,-235.2599999999948,DOWN,2,-233.8949999999968,DOWN,3,-217.92999999999788,DOWN,True,True,True,True,235.2599999999948,$200-$500,False,False
KXBTC15M-26AUG232330-30,DOWN,2026-08-24 03:29:20.480794+00:00,0.6586534333333333,-86.80999999999767,DOWN,1,-86.80999999999767,DOWN,1,-86.80999999999767,DOWN,2,-84.46999999999389,DOWN,True,True,True,True,86.80999999999767,$50-$100,True,False
KXBTC15M-26AUG232345-45,DOWN,2026-08-24 03:44:23.915629+00:00,0.6014061833333333,-143.49000000000524,DOWN,1,-143.49000000000524,DOWN,1,-143.49000000000524,DOWN,2,-145.0300000000061,DOWN,True,True,True,True,143.49000000000524,$100-$200,False,False
KXBTC15M-26AUG240000-00,DOWN,2026-08-24 03:59:33.206750+00:00,0.4465541666666667,-67.38000000000466,DOWN,1,-67.38000000000466,DOWN,2,-57.265000000006694,DOWN,2,-57.265000000006694,DOWN,True,True,True,True,67.38000000000466,$50-$100,True,False
KXBTC15M-26AUG240015-15,UP,2026-08-24 04:14:11.049602+00:00,0.8158399666666667,76.09999999999127,UP,1,76.09999999999127,UP,1,76.09999999999127,UP,2,87.1649999999936,UP,True,True,True,True,76.09999999999127,$50-$100,True,False
KXBTC15M-26AUG240030-30,UP,2026-08-24 04:29:48.697041+00:00,0.1883826499999999,191.4100000000035,UP,1,191.4100000000035,UP,2,197.01499999999942,UP,2,197.01499999999942,UP,True,True,True,True,191.4100000000035,$100-$200,False,False
KXBTC15M-26AUG240045-45,DOWN,2026-08-24 04:44:21.534126+00:00,0.6410979,-132.86999999999534,DOWN,1,-132.86999999999534,DOWN,1,-132.86999999999534,DOWN,2,-137.23999999999796,DOWN,True,True,True,True,132.86999999999534,$100-$200,False,False
KXBTC15M-26AUG240100-00,DOWN,2026-08-24 04:59:27.639950+00:00,0.5393341666666667,-206.19000000000236,DOWN,1,-206.19000000000236,DOWN,2,-217.6750000000029,DOWN,2,-217.6750000000029,DOWN,True,True,True,True,206.19000000000236,$200-$500,False,False
KXBTC15M-26AUG240115-15,UP,2026-08-24 05:14:35.631194+00:00,0.4061467666666666,312.34999999999127,UP,1,312.34999999999127,UP,2,269.72499999999127,UP,2,269.72499999999127,UP,True,True,True,True,312.34999999999127,$200-$500,False,False
KXBTC15M-26AUG240130-30,DOWN,2026-08-24 05:29:11.237238+00:00,0.8127127000000001,-80.08000000000175,DOWN,1,-80.08000000000175,DOWN,1,-80.08000000000175,DOWN,2,-72.09999999999854,DOWN,True,True,True,True,80.08000000000175,$50-$100,True,False
KXBTC15M-26AUG240145-45,UP,2026-08-24 05:44:46.985571+00:00,0.21690715,17.019999999989523,UP,1,17.019999999989523,UP,2,44.22499999999127,UP,3,44.6699999999934,UP,True,True,True,True,17.019999999989523,$0-$25,True,False
KXBTC15M-26AUG240200-00,UP,2026-08-24 05:59:51.950059+00:00,0.1341656833333333,40.63000000000466,UP,1,40.63000000000466,UP,2,49.93000000000029,UP,3,46.06333333333411,UP,True,True,True,True,40.63000000000466,$25-$50,True,False
KXBTC15M-26AUG240215-15,UP,2026-08-24 06:14:56.718995+00:00,0.0546834166666666,256.4700000000012,UP,2,245.13500000000207,UP,2,245.13500000000207,UP,3,223.70000000000195,UP,True,True,True,True,256.4700000000012,$200-$500,False,False
KXBTC15M-26AUG240230-30,DOWN,2026-08-24 06:29:09.678995+00:00,0.8386834166666667,-40.33000000000175,DOWN,1,-40.33000000000175,DOWN,1,-40.33000000000175,DOWN,2,-34.61000000000058,DOWN,True,True,True,True,40.33000000000175,$25-$50,True,False
KXBTC15M-26AUG240245-45,DOWN,2026-08-24 06:44:48.601715+00:00,0.1899714166666666,-22.819999999992437,DOWN,1,-22.819999999992437,DOWN,2,-47.43499999999767,DOWN,3,-63.956666666665114,DOWN,True,True,True,True,22.819999999992437,$0-$25,True,False
KXBTC15M-26AUG240300-00,UP,2026-08-24 06:59:51.768780+00:00,0.137187,134.20000000001164,UP,1,134.20000000001164,UP,2,138.2100000000064,UP,3,138.48333333334207,UP,True,True,True,True,134.20000000001164,$100-$200,False,False
KXBTC15M-26AUG240315-15,UP,2026-08-24 07:14:35.513148+00:00,0.4081142,277.6499999999942,UP,1,277.6499999999942,UP,2,282.5899999999965,UP,2,282.5899999999965,UP,True,True,True,True,277.6499999999942,$200-$500,False,False
KXBTC15M-26AUG240330-30,DOWN,2026-08-24 07:29:40.801208+00:00,0.3199798666666666,-159.97000000000116,DOWN,1,-159.97000000000116,DOWN,2,-183.04000000000087,DOWN,2,-183.04000000000087,DOWN,True,True,True,True,159.97000000000116,$100-$200,False,False
KXBTC15M-26AUG240345-45,DOWN,2026-08-24 07:44:26.467877+00:00,0.5588687166666666,-241.94000000000236,DOWN,1,-241.94000000000236,DOWN,2,-220.43500000000498,DOWN,2,-220.43500000000498,DOWN,True,True,True,True,241.94000000000236,$200-$500,False,False
KXBTC15M-26AUG240400-00,DOWN,2026-08-24 07:59:10.331230+00:00,0.8278128333333333,-65.83000000000175,DOWN,1,-65.83000000000175,DOWN,1,-65.83000000000175,DOWN,2,-49.05000000000291,DOWN,True,True,True,True,65.83000000000175,$50-$100,True,False
KXBTC15M-26AUG240415-15,DOWN,2026-08-24 08:14:29.936023+00:00,0.5010662833333334,-48.74000000000524,DOWN,1,-48.74000000000524,DOWN,2,-53.88500000000204,DOWN,2,-53.88500000000204,DOWN,True,True,True,True,48.74000000000524,$25-$50,True,False
KXBTC15M-26AUG240430-30,DOWN,2026-08-24 08:29:14.839058+00:00,0.7526823666666667,-375.5100000000093,DOWN,1,-375.5100000000093,DOWN,1,-375.5100000000093,DOWN,2,-391.2450000000099,DOWN,True,True,True,True,375.5100000000093,$200-$500,False,False
KXBTC15M-26AUG240445-45,UP,2026-08-24 08:44:52.233125+00:00,0.1294479166666666,187.94000000000236,UP,1,187.94000000000236,UP,2,178.51000000000204,UP,3,168.02000000000407,UP,True,True,True,True,187.94000000000236,$100-$200,False,False
KXBTC15M-26AUG240500-00,DOWN,2026-08-24 08:59:58.350307+00:00,0.0274948833333333,-51.63999999999942,DOWN,2,-60.44999999999709,DOWN,2,-60.44999999999709,DOWN,3,-69.99666666666356,DOWN,True,True,True,True,51.63999999999942,$50-$100,True,False
KXBTC15M-26AUG240515-15,UP,2026-08-24 09:14:14.102509+00:00,0.7649581833333333,249.4499999999971,UP,1,249.4499999999971,UP,1,249.4499999999971,UP,2,223.24499999999534,UP,True,True,True,True,249.4499999999971,$200-$500,False,False
KXBTC15M-26AUG240530-30,UP,2026-08-24 09:29:55.463980+00:00,0.0756003333333333,133.5399999999936,UP,2,122.71499999999651,UP,2,122.71499999999651,UP,3,125.44333333332906,UP,True,True,True,True,133.5399999999936,$100-$200,False,False
KXBTC15M-26AUG240545-45,UP,2026-08-24 09:44:07.218716+00:00,0.8796880666666667,96.08000000000176,UP,1,96.08000000000176,UP,1,96.08000000000176,UP,2,79.2699999999968,UP,True,True,True,True,96.08000000000176,$50-$100,True,False
KXBTC15M-26AUG240600-00,UP,2026-08-24 09:59:43.064821+00:00,0.2822529833333334,42.129999999990105,UP,1,42.129999999990105,UP,2,39.90499999999156,UP,2,39.90499999999156,UP,True,True,True,True,42.129999999990105,$25-$50,True,False
KXBTC15M-26AUG240615-15,UP,2026-08-24 10:14:24.447850+00:00,0.5925358333333333,272.1800000000076,UP,1,272.1800000000076,UP,1,272.1800000000076,UP,2,245.62500000000728,UP,True,True,True,True,272.1800000000076,$200-$500,False,False
KXBTC15M-26AUG240630-30,UP,2026-08-24 10:29:43.008375+00:00,0.2831937499999999,26.879999999990105,UP,1,26.879999999990105,UP,2,64.74999999999272,UP,2,64.74999999999272,UP,True,True,True,True,26.879999999990105,$25-$50,True,False
KXBTC15M-26AUG240645-45,DOWN,2026-08-24 10:44:51.784158+00:00,0.1369307,-134.88999999999942,DOWN,1,-134.88999999999942,DOWN,2,-129.41999999999825,DOWN,3,-127.6566666666622,DOWN,True,True,True,True,134.88999999999942,$100-$200,False,False
KXBTC15M-26AUG240700-00,DOWN,2026-08-24 10:59:07.109287+00:00,0.8815118833333333,-138.4899999999907,DOWN,1,-138.4899999999907,DOWN,1,-138.4899999999907,DOWN,2,-138.4899999999907,DOWN,True,True,True,True,138.4899999999907,$100-$200,False,False
KXBTC15M-26AUG240715-15,UP,2026-08-24 11:14:49.684243+00:00,0.1719292833333333,232.45999999999185,UP,1,232.45999999999185,UP,2,214.34999999999127,UP,3,190.7366666666591,UP,True,True,True,True,232.45999999999185,$200-$500,False,False
KXBTC15M-26AUG240730-30,UP,2026-08-24 11:29:37.365213+00:00,0.37724645,31.919999999998254,UP,1,31.919999999998254,UP,2,28.340000000003783,UP,2,28.340000000003783,UP,True,True,True,True,31.919999999998254,$25-$50,True,False
KXBTC15M-26AUG240745-45,UP,2026-08-24 11:44:45.741120+00:00,0.237648,644.320000000007,UP,1,644.320000000007,UP,2,638.5900000000038,UP,2,638.5900000000038,UP,True,True,True,True,644.320000000007,$500+,False,False
KXBTC15M-26AUG240800-00,DOWN,2026-08-24 11:59:53.883491+00:00,0.1019418166666666,-61.89999999999418,DOWN,2,-126.43999999999507,DOWN,2,-126.43999999999507,DOWN,3,-183.57999999999205,DOWN,True,True,True,True,61.89999999999418,$50-$100,True,False
KXBTC15M-26AUG240815-15,DOWN,2026-08-24 12:14:20.084091+00:00,0.66526515,-297.3399999999965,DOWN,1,-297.3399999999965,DOWN,1,-297.3399999999965,DOWN,2,-274.27999999999884,DOWN,True,True,True,True,297.3399999999965,$200-$500,False,False
KXBTC15M-26AUG240830-30,UP,2026-08-24 12:29:14.669080+00:00,0.7555153333333333,275.3399999999965,UP,1,275.3399999999965,UP,1,275.3399999999965,UP,2,293.3249999999971,UP,True,True,True,True,275.3399999999965,$200-$500,False,False
KXBTC15M-26AUG240845-45,UP,2026-08-24 12:44:57.347840+00:00,0.0442026666666666,290.8899999999994,UP,2,294.1449999999968,UP,2,294.1449999999968,UP,3,312.25,UP,True,True,True,True,290.8899999999994,$200-$500,False,False
KXBTC15M-26AUG240900-00,UP,2026-08-24 12:49:25.964612+00:00,10.567256466666668,200.6999999999971,UP,0,,,0,,,0,,,True,False,False,False,200.6999999999971,$200-$500,False,False
KXBTC15M-26AUG241145-45,DOWN,2026-08-24 15:44:38.651422+00:00,0.3558096333333333,-663.179999999993,DOWN,1,-663.179999999993,DOWN,2,-584.7349999999933,DOWN,2,-584.7349999999933,DOWN,True,True,True,True,663.179999999993,$500+,False,False
KXBTC15M-26AUG241200-00,DOWN,2026-08-24 15:59:21.898291+00:00,0.6350284833333333,-215.1599999999889,DOWN,1,-215.1599999999889,DOWN,1,-215.1599999999889,DOWN,2,-232.91999999999098,DOWN,True,True,True,True,215.1599999999889,$200-$500,False,False
KXBTC15M-26AUG241215-15,UP,2026-08-24 16:14:39.649123+00:00,0.3391812833333333,412.5399999999936,UP,1,412.5399999999936,UP,2,419.679999999993,UP,2,419.679999999993,UP,True,True,True,True,412.5399999999936,$200-$500,False,False
KXBTC15M-26AUG241230-30,UP,2026-08-24 16:29:26.388274+00:00,0.5601954333333333,285.09999999999127,UP,1,285.09999999999127,UP,1,285.09999999999127,UP,2,287.7149999999965,UP,True,True,True,True,285.09999999999127,$200-$500,False,False
KXBTC15M-26AUG241245-45,DOWN,2026-08-24 16:44:41.694728+00:00,0.3050878666666666,-352.9399999999878,DOWN,1,-352.9399999999878,DOWN,2,-329.59999999999127,DOWN,2,-329.59999999999127,DOWN,True,True,True,True,352.9399999999878,$200-$500,False,False
KXBTC15M-26AUG241300-00,DOWN,2026-08-24 16:59:32.362858+00:00,0.4606190333333333,-337.4799999999959,DOWN,1,-337.4799999999959,DOWN,2,-308.86499999999796,DOWN,2,-308.86499999999796,DOWN,True,True,True,True,337.4799999999959,$200-$500,False,False
KXBTC15M-26AUG241315-15,UP,2026-08-24 17:14:16.547760+00:00,0.7242040000000001,62.19999999999709,UP,1,62.19999999999709,UP,1,62.19999999999709,UP,2,85.62999999999738,UP,True,True,True,True,62.19999999999709,$50-$100,True,False
KXBTC15M-26AUG241330-30,DOWN,2026-08-24 17:29:37.060418+00:00,0.3823263666666667,-551.5100000000093,DOWN,1,-551.5100000000093,DOWN,2,-483.57500000000437,DOWN,2,-483.57500000000437,DOWN,True,True,True,True,551.5100000000093,$500+,False,False
KXBTC15M-26AUG241345-45,UP,2026-08-24 17:44:20.481082+00:00,0.6586486333333333,135.32000000000698,UP,1,135.32000000000698,UP,1,135.32000000000698,UP,2,165.58000000000902,UP,True,True,True,True,135.32000000000698,$100-$200,False,False
KXBTC15M-26AUG241400-00,UP,2026-08-24 17:59:40.940282+00:00,0.3176619666666667,87.83000000000175,UP,1,87.83000000000175,UP,2,73.54499999999825,UP,2,73.54499999999825,UP,True,True,True,True,87.83000000000175,$50-$100,True,False
KXBTC15M-26AUG241415-15,UP,2026-08-24 18:14:54.755069+00:00,0.0874155166666666,232.93999999998775,UP,1,232.93999999998775,UP,2,232.92999999999302,UP,2,232.92999999999302,UP,True,True,True,True,232.93999999998775,$200-$500,False,False
KXBTC15M-26AUG241430-30,UP,2026-08-24 18:29:13.842683+00:00,0.7692886166666667,60.13999999999942,UP,1,60.13999999999942,UP,1,60.13999999999942,UP,2,50.04000000000087,UP,True,True,True,True,60.13999999999942,$50-$100,True,False
KXBTC15M-26AUG241445-45,DOWN,2026-08-24 18:41:10.609184+00:00,3.8231802666666663,-89.07000000000698,DOWN,0,,,0,,,0,,,True,False,False,False,89.07000000000698,$50-$100,True,False
KXBTC15M-26AUG241515-15,UP,2026-08-24 19:14:16.576376+00:00,0.7237270666666666,113.90000000000872,UP,1,113.90000000000872,UP,1,113.90000000000872,UP,2,144.54500000000553,UP,True,True,True,True,113.90000000000872,$100-$200,False,False
KXBTC15M-26AUG241530-30,DOWN,2026-08-24 19:29:03.435300+00:00,0.942745,-166.75,DOWN,1,-166.75,DOWN,1,-166.75,DOWN,2,-164.11500000000524,DOWN,True,True,True,True,166.75,$100-$200,False,False
KXBTC15M-26AUG241545-45,DOWN,2026-08-24 19:44:48.356538+00:00,0.1940577,13.270000000004076,UP,1,13.270000000004076,UP,2,-8.830000000001746,DOWN,2,-8.830000000001746,DOWN,False,False,True,True,13.270000000004076,$0-$25,True,True
KXBTC15M-26AUG241600-00,DOWN,2026-08-24 19:59:04.138205+00:00,0.9310299166666668,-92.86999999999534,DOWN,1,-92.86999999999534,DOWN,1,-92.86999999999534,DOWN,2,-109.96999999999389,DOWN,True,True,True,True,92.86999999999534,$50-$100,True,False
KXBTC15M-26AUG241615-15,DOWN,2026-08-24 20:14:45.865755+00:00,0.23557075,-79.53000000001339,DOWN,1,-79.53000000001339,DOWN,2,-89.63000000001193,DOWN,2,-89.63000000001193,DOWN,True,True,True,True,79.53000000001339,$50-$100,True,False
KXBTC15M-26AUG241630-30,UP,2026-08-24 20:29:59.835540+00:00,0.002741,29.979999999995925,UP,2,21.294999999998254,UP,2,21.294999999998254,UP,3,18.103333333332557,UP,True,True,True,True,29.979999999995925,$25-$50,True,False
KXBTC15M-26AUG241645-45,UP,2026-08-24 20:44:16.987569+00:00,0.71687385,243.27999999999884,UP,1,243.27999999999884,UP,1,243.27999999999884,UP,2,255.17499999999563,UP,True,True,True,True,243.27999999999884,$200-$500,False,False
KXBTC15M-26AUG241700-00,UP,2026-08-24 20:59:58.932701+00:00,0.0177883166666666,1.6299999999901047,UP,2,13.289999999993597,UP,2,13.289999999993597,UP,3,12.166666666661817,UP,True,True,True,True,1.6299999999901047,$0-$25,True,False
KXBTC15M-26AUG241715-15,UP,2026-08-24 21:14:13.411590+00:00,0.7764735,80.55999999999767,UP,1,80.55999999999767,UP,1,80.55999999999767,UP,2,97.95499999999447,UP,True,True,True,True,80.55999999999767,$50-$100,True,False
KXBTC15M-26AUG241730-30,DOWN,2026-08-24 21:29:53.313516+00:00,0.1114414,-97.47000000000116,DOWN,1,-97.47000000000116,DOWN,2,-100.06999999999971,DOWN,2,-100.06999999999971,DOWN,True,True,True,True,97.47000000000116,$50-$100,True,False
KXBTC15M-26AUG241745-45,UP,2026-08-24 21:44:07.231468+00:00,0.8794755333333334,52.98999999999069,UP,1,52.98999999999069,UP,1,52.98999999999069,UP,2,75.7349999999933,UP,True,True,True,True,52.98999999999069,$50-$100,True,False
KXBTC15M-26AUG241800-00,UP,2026-08-24 21:59:53.216108+00:00,0.1130648666666666,3.9799999999959255,UP,1,3.9799999999959255,UP,2,6.8699999999953425,UP,2,6.8699999999953425,UP,True,True,True,True,3.9799999999959255,$0-$25,True,False
KXBTC15M-26AUG241815-15,DOWN,2026-08-24 22:14:31.085809+00:00,0.4819031833333333,-104.8700000000099,DOWN,1,-104.8700000000099,DOWN,2,-121.53500000001077,DOWN,2,-121.53500000001077,DOWN,True,True,True,True,104.8700000000099,$100-$200,False,False
KXBTC15M-26AUG241830-30,DOWN,2026-08-24 22:29:45.682378+00:00,0.2386270333333333,-89.23999999999069,DOWN,1,-89.23999999999069,DOWN,2,-94.03499999998894,DOWN,2,-94.03499999998894,DOWN,True,True,True,True,89.23999999999069,$50-$100,True,False
KXBTC15M-26AUG241845-45,UP,2026-08-24 22:44:57.845815+00:00,0.0359030833333333,-1.5500000000029104,DOWN,2,6.540000000000873,UP,2,6.540000000000873,UP,3,-2.9599999999967017,DOWN,False,True,True,False,1.5500000000029104,$0-$25,True,True
KXBTC15M-26AUG241900-00,DOWN,2026-08-24 22:59:12.667141+00:00,0.7888809833333333,-51.13999999999942,DOWN,1,-51.13999999999942,DOWN,1,-51.13999999999942,DOWN,2,-50.05000000000291,DOWN,True,True,True,True,51.13999999999942,$50-$100,True,False
KXBTC15M-26AUG241915-15,DOWN,2026-08-24 23:14:56.752123+00:00,0.0541312833333333,-5.029999999998836,DOWN,1,-5.029999999998836,DOWN,2,-5.379999999997381,DOWN,3,22.796666666671324,UP,True,True,True,False,5.029999999998836,$0-$25,True,False
KXBTC15M-26AUG241930-30,UP,2026-08-24 23:29:10.485015+00:00,0.82524975,166.75999999999476,UP,1,166.75999999999476,UP,1,166.75999999999476,UP,2,169.37499999999272,UP,True,True,True,True,166.75999999999476,$100-$200,False,False
KXBTC15M-26AUG241945-45,UP,2026-08-24 23:44:49.332841+00:00,0.1777859833333333,54.179999999993015,UP,1,54.179999999993015,UP,2,64.46499999999651,UP,2,64.46499999999651,UP,True,True,True,True,54.179999999993015,$50-$100,True,False
KXBTC15M-26AUG242000-00,UP,2026-08-24 23:59:59.767310+00:00,0.0038781666666666,30.20999999999185,UP,2,21.994999999995343,UP,2,21.994999999995343,UP,3,-3.470000000006015,DOWN,True,True,True,False,30.20999999999185,$25-$50,True,False
KXBTC15M-26AUG242015-15,DOWN,2026-08-25 00:14:14.528468+00:00,0.7578588666666667,-37.76000000000931,DOWN,1,-37.76000000000931,DOWN,1,-37.76000000000931,DOWN,2,2.7049999999944703,UP,True,True,True,False,37.76000000000931,$25-$50,True,False
KXBTC15M-26AUG242030-30,DOWN,2026-08-25 00:29:57.055367+00:00,0.0490772166666666,-157.33000000000175,DOWN,2,-169.85000000000582,DOWN,2,-169.85000000000582,DOWN,3,-164.5133333333409,DOWN,True,True,True,True,157.33000000000175,$100-$200,False,False
KXBTC15M-26AUG242045-45,UP,2026-08-25 00:44:12.063780+00:00,0.798937,523.8699999999953,UP,1,523.8699999999953,UP,1,523.8699999999953,UP,2,377.8399999999965,UP,True,True,True,True,523.8699999999953,$500+,False,False
KXBTC15M-26AUG242100-00,UP,2026-08-25 00:59:53.656606+00:00,0.1057232333333333,414.08000000000175,UP,1,414.08000000000175,UP,2,448.09500000000116,UP,2,448.09500000000116,UP,True,True,True,True,414.08000000000175,$200-$500,False,False
KXBTC15M-26AUG242115-15,DOWN,2026-08-25 01:12:16.777013+00:00,2.7203831166666665,-58.81999999999243,DOWN,0,,,0,,,0,,,True,False,False,False,58.81999999999243,$50-$100,True,False
KXBTC15M-26AUG242300-00,DOWN,2026-08-25 02:59:43.040839+00:00,0.2826526833333334,-222.32000000000696,DOWN,1,-222.32000000000696,DOWN,2,-215.32000000000696,DOWN,2,-215.32000000000696,DOWN,True,True,True,True,222.32000000000696,$200-$500,False,False
KXBTC15M-26AUG242315-15,UP,2026-08-25 03:14:15.191960+00:00,0.7468006666666667,168.33000000000175,UP,1,168.33000000000175,UP,1,168.33000000000175,UP,2,160.94000000000233,UP,True,True,True,True,168.33000000000175,$100-$200,False,False
KXBTC15M-26AUG242330-30,DOWN,2026-08-25 03:23:57.926914+00:00,6.034551433333333,-44.36999999999534,DOWN,0,,,0,,,0,,,True,False,False,False,44.36999999999534,$25-$50,True,False
KXBTC15M-26AUG250015-15,UP,2026-08-25 04:14:28.921080+00:00,0.517982,-5.150000000008731,DOWN,1,-5.150000000008731,DOWN,2,-6.540000000008149,DOWN,2,-6.540000000008149,DOWN,False,False,False,False,5.150000000008731,$0-$25,True,True
KXBTC15M-26AUG250030-30,DOWN,2026-08-25 04:29:10.010774+00:00,0.8331537666666667,-189.4700000000012,DOWN,1,-189.4700000000012,DOWN,1,-189.4700000000012,DOWN,2,-213.94999999999712,DOWN,True,True,True,True,189.4700000000012,$100-$200,False,False
KXBTC15M-26AUG250045-45,DOWN,2026-08-25 04:44:25.135463+00:00,0.5810756166666666,-49.88999999999942,DOWN,1,-49.88999999999942,DOWN,2,-44.25,DOWN,2,-44.25,DOWN,True,True,True,True,49.88999999999942,$25-$50,True,False
KXBTC15M-26AUG250100-00,UP,2026-08-25 04:59:36.483807+00:00,0.39193655,88.10000000000582,UP,1,88.10000000000582,UP,2,67.91500000000087,UP,2,67.91500000000087,UP,True,True,True,True,88.10000000000582,$50-$100,True,False
KXBTC15M-26AUG250115-15,UP,2026-08-25 05:14:09.187805+00:00,0.8468699166666667,205.99000000000524,UP,1,205.99000000000524,UP,1,205.99000000000524,UP,2,221.1750000000029,UP,True,True,True,True,205.99000000000524,$200-$500,False,False
KXBTC15M-26AUG250130-30,UP,2026-08-25 05:29:13.145880+00:00,0.780902,92.77000000000407,UP,1,92.77000000000407,UP,1,92.77000000000407,UP,2,111.81000000000495,UP,True,True,True,True,92.77000000000407,$50-$100,True,False
KXBTC15M-26AUG250145-45,UP,2026-08-25 05:44:17.456823+00:00,0.70905295,63.52999999999884,UP,1,63.52999999999884,UP,1,63.52999999999884,UP,2,83.14999999999418,UP,True,True,True,True,63.52999999999884,$50-$100,True,False
KXBTC15M-26AUG250200-00,UP,2026-08-25 05:59:28.013975+00:00,0.5331004166666667,-2.529999999998836,DOWN,1,-2.529999999998836,DOWN,2,13.255000000004657,UP,2,13.255000000004657,UP,False,False,True,True,2.529999999998836,$0-$25,True,True
KXBTC15M-26AUG250215-15,UP,2026-08-25 06:14:35.583985+00:00,0.4069335833333333,27.5399999999936,UP,1,27.5399999999936,UP,2,18.299999999995634,UP,2,18.299999999995634,UP,True,True,True,True,27.5399999999936,$25-$50,True,False
KXBTC15M-26AUG250230-30,DOWN,2026-08-25 06:29:09.087288+00:00,0.8485452,-3.1699999999982538,DOWN,1,-3.1699999999982538,DOWN,1,-3.1699999999982538,DOWN,2,10.240000000005239,UP,True,True,True,False,3.1699999999982538,$0-$25,True,False
KXBTC15M-26AUG250245-45,DOWN,2026-08-25 06:44:12.883262+00:00,0.7852789666666666,-249.70999999999185,DOWN,1,-249.70999999999185,DOWN,1,-249.70999999999185,DOWN,2,-233.41999999999825,DOWN,True,True,True,True,249.70999999999185,$200-$500,False,False
KXBTC15M-26AUG250300-00,UP,2026-08-25 06:59:16.746244+00:00,0.7208959333333333,9.400000000008731,UP,1,9.400000000008731,UP,1,9.400000000008731,UP,2,-22.144999999989523,DOWN,True,True,True,False,9.400000000008731,$0-$25,True,False
KXBTC15M-26AUG250315-15,UP,2026-08-25 07:14:19.127468+00:00,0.6812088666666667,184.20999999999185,UP,1,184.20999999999185,UP,1,184.20999999999185,UP,2,190.54999999999563,UP,True,True,True,True,184.20999999999185,$100-$200,False,False
KXBTC15M-26AUG250330-30,DOWN,2026-08-25 07:29:22.333024+00:00,0.6277829333333333,-42.0399999999936,DOWN,1,-42.0399999999936,DOWN,1,-42.0399999999936,DOWN,2,-51.75499999999738,DOWN,True,True,True,True,42.0399999999936,$25-$50,True,False
KXBTC15M-26AUG250345-45,DOWN,2026-08-25 07:44:29.146739+00:00,0.5142210166666666,-197.52999999999884,DOWN,1,-197.52999999999884,DOWN,2,-177.85499999999593,DOWN,2,-177.85499999999593,DOWN,True,True,True,True,197.52999999999884,$100-$200,False,False
KXBTC15M-26AUG250400-00,DOWN,2026-08-25 07:59:57.515093+00:00,0.0414151166666666,-772.3500000000058,DOWN,2,-780.6050000000032,DOWN,2,-780.6050000000032,DOWN,3,-779.1866666666707,DOWN,True,True,True,True,772.3500000000058,$500+,False,False
KXBTC15M-26AUG250415-15,UP,2026-08-25 08:14:13.170704+00:00,0.7804882666666667,180.86000000000055,UP,1,180.86000000000055,UP,1,180.86000000000055,UP,2,184.9100000000035,UP,True,True,True,True,180.86000000000055,$100-$200,False,False
KXBTC15M-26AUG250430-30,UP,2026-08-25 08:29:08.632841+00:00,0.8561193166666666,275.8899999999994,UP,1,275.8899999999994,UP,1,275.8899999999994,UP,2,270.2099999999991,UP,True,True,True,True,275.8899999999994,$200-$500,False,False
KXBTC15M-26AUG250445-45,DOWN,2026-08-25 08:44:30.092167+00:00,0.4984638833333333,-135.50999999999476,DOWN,1,-135.50999999999476,DOWN,2,-157.29999999999563,DOWN,2,-157.29999999999563,DOWN,True,True,True,True,135.50999999999476,$100-$200,False,False
KXBTC15M-26AUG250500-00,DOWN,2026-08-25 08:59:11.268084+00:00,0.8121986,-183.2100000000064,DOWN,1,-183.2100000000064,DOWN,1,-183.2100000000064,DOWN,2,-182.87000000000262,DOWN,True,True,True,True,183.2100000000064,$100-$200,False,False
KXBTC15M-26AUG250515-15,DOWN,2026-08-25 09:14:44.666890+00:00,0.2555518333333333,-47.35000000000582,DOWN,1,-47.35000000000582,DOWN,2,-37.84000000000378,DOWN,2,-37.84000000000378,DOWN,True,True,True,True,47.35000000000582,$25-$50,True,False
KXBTC15M-26AUG250530-30,DOWN,2026-08-25 09:29:47.166276+00:00,0.2138954,-87.16999999999825,DOWN,1,-87.16999999999825,DOWN,2,-108.67500000000291,DOWN,3,-104.7366666666688,DOWN,True,True,True,True,87.16999999999825,$50-$100,True,False
KXBTC15M-26AUG250545-45,DOWN,2026-08-25 09:44:48.866325+00:00,0.18556125,-18.369999999995343,DOWN,1,-18.369999999995343,DOWN,2,-23.720000000001164,DOWN,3,-2.8733333333366318,DOWN,True,True,True,True,18.369999999995343,$0-$25,True,False
KXBTC15M-26AUG250600-00,DOWN,2026-08-25 09:59:51.202220+00:00,0.1466296666666666,-600.7899999999936,DOWN,1,-600.7899999999936,DOWN,2,-626.25,DOWN,3,-666.1133333333322,DOWN,True,True,True,True,600.7899999999936,$500+,False,False
KXBTC15M-26AUG250615-15,UP,2026-08-25 10:14:53.201048+00:00,0.1133158666666666,124.63999999999942,UP,1,124.63999999999942,UP,2,108.16500000000087,UP,3,113.24333333333682,UP,True,True,True,True,124.63999999999942,$100-$200,False,False
KXBTC15M-26AUG250630-30,DOWN,2026-08-25 10:29:54.863986+00:00,0.0856002333333333,-19.96999999998661,DOWN,2,-22.879999999990105,DOWN,2,-22.879999999990105,DOWN,3,-14.769999999989523,DOWN,True,True,True,True,19.96999999998661,$0-$25,True,False
KXBTC15M-26AUG250645-45,UP,2026-08-25 10:44:56.833462+00:00,0.0527756333333333,32.77999999999884,UP,2,23.345000000001168,UP,2,23.345000000001168,UP,3,25.126666666668218,UP,True,True,True,True,32.77999999999884,$25-$50,True,False
KXBTC15M-26AUG250700-00,UP,2026-08-25 10:59:59.098073+00:00,0.0150321166666666,-1.4199999999982538,DOWN,2,13.80000000000291,UP,2,13.80000000000291,UP,3,28.75333333333644,UP,False,True,True,True,1.4199999999982538,$0-$25,True,True
KXBTC15M-26AUG250715-15,DOWN,2026-08-25 11:14:39.741697+00:00,0.3376383833333333,-183.6999999999971,DOWN,1,-183.6999999999971,DOWN,2,-195.9300000000003,DOWN,2,-195.9300000000003,DOWN,True,True,True,True,183.6999999999971,$100-$200,False,False
KXBTC15M-26AUG250730-30,UP,2026-08-25 11:29:41.785402+00:00,0.3035766333333333,138.1999999999971,UP,1,138.1999999999971,UP,2,141.51000000000204,UP,2,141.51000000000204,UP,True,True,True,True,138.1999999999971,$100-$200,False,False
KXBTC15M-26AUG250745-45,DOWN,2026-08-25 11:44:21.669885+00:00,0.63883525,-51.19999999999709,DOWN,1,-51.19999999999709,DOWN,1,-51.19999999999709,DOWN,2,-35.150000000001455,DOWN,True,True,True,True,51.19999999999709,$50-$100,True,False
KXBTC15M-26AUG250800-00,DOWN,2026-08-25 11:59:55.273555+00:00,0.0787740833333333,-76.34000000001106,DOWN,2,-56.86500000000524,DOWN,2,-56.86500000000524,DOWN,3,-47.290000000003296,DOWN,True,True,True,True,76.34000000001106,$50-$100,True,False
KXBTC15M-26AUG250815-15,DOWN,2026-08-25 12:14:36.260496+00:00,0.3956584,-69.33000000000175,DOWN,1,-69.33000000000175,DOWN,2,-97.03500000000349,DOWN,2,-97.03500000000349,DOWN,True,True,True,True,69.33000000000175,$50-$100,True,False
KXBTC15M-26AUG250830-30,DOWN,2026-08-25 12:16:22.106951+00:00,13.631550816666667,-6.399999999994179,DOWN,0,,,0,,,0,,,True,False,False,False,6.399999999994179,$0-$25,True,False
KXBTC15M-26AUG250900-00,UP,2026-08-25 12:59:57.803894+00:00,0.0366017666666666,64.88000000000466,UP,2,45.78000000000611,UP,2,45.78000000000611,UP,3,63.593333333337796,UP,True,True,True,True,64.88000000000466,$50-$100,True,False
KXBTC15M-26AUG250915-15,DOWN,2026-08-25 13:14:08.040677+00:00,0.8659887166666667,-103.30000000000292,DOWN,1,-103.30000000000292,DOWN,1,-103.30000000000292,DOWN,2,-138.0350000000035,DOWN,True,True,True,True,103.30000000000292,$100-$200,False,False
KXBTC15M-26AUG250930-30,DOWN,2026-08-25 13:29:22.452396+00:00,0.6257933999999999,-188.9700000000012,DOWN,1,-188.9700000000012,DOWN,1,-188.9700000000012,DOWN,2,-200.45500000000177,DOWN,True,True,True,True,188.9700000000012,$100-$200,False,False
KXBTC15M-26AUG250945-45,UP,2026-08-25 13:44:58.243133+00:00,0.0292811166666666,-49.06999999999243,DOWN,2,-10.784999999996217,DOWN,2,-10.784999999996217,DOWN,3,52.13666666667268,UP,False,False,False,True,49.06999999999243,$25-$50,True,True
KXBTC15M-26AUG251000-00,DOWN,2026-08-25 13:59:09.844361+00:00,0.8359273166666666,-104.54000000000816,DOWN,1,-104.54000000000816,DOWN,1,-104.54000000000816,DOWN,2,-134.0650000000096,DOWN,True,True,True,True,104.54000000000816,$100-$200,False,False
KXBTC15M-26AUG251015-15,UP,2026-08-25 14:14:45.519965+00:00,0.2413339166666666,411.4499999999971,UP,1,411.4499999999971,UP,2,405.9599999999991,UP,2,405.9599999999991,UP,True,True,True,True,411.4499999999971,$200-$500,False,False
KXBTC15M-26AUG251030-30,UP,2026-08-25 14:29:49.830946+00:00,0.1694842333333333,233.4499999999971,UP,1,233.4499999999971,UP,2,197.69499999999243,UP,3,197.09999999999127,UP,True,True,True,True,233.4499999999971,$200-$500,False,False
KXBTC15M-26AUG251045-45,DOWN,2026-08-25 14:44:32.667188+00:00,0.4555468666666666,-61.88000000000466,DOWN,1,-61.88000000000466,DOWN,2,-115.45000000000437,DOWN,2,-115.45000000000437,DOWN,True,True,True,True,61.88000000000466,$50-$100,True,False
KXBTC15M-26AUG251100-00,UP,2026-08-25 14:59:16.419906+00:00,0.7263349,6.94999999999709,UP,1,6.94999999999709,UP,1,6.94999999999709,UP,2,39.43000000000029,UP,True,True,True,True,6.94999999999709,$0-$25,True,False
KXBTC15M-26AUG251115-15,DOWN,2026-08-25 15:14:50.847986+00:00,0.1525335666666666,-83.69999999999709,DOWN,1,-83.69999999999709,DOWN,2,-108.58499999999913,DOWN,3,-104.07333333333372,DOWN,True,True,True,True,83.69999999999709,$50-$100,True,False
KXBTC15M-26AUG251130-30,UP,2026-08-25 15:29:55.633184+00:00,0.0727802666666666,118.09999999999128,UP,2,97.42499999999563,UP,2,97.42499999999563,UP,3,70.63999999999457,UP,True,True,True,True,118.09999999999128,$100-$200,False,False
KXBTC15M-26AUG251145-45,UP,2026-08-25 15:44:07.220017+00:00,0.8796663833333334,136.16999999999825,UP,1,136.16999999999825,UP,1,136.16999999999825,UP,2,125.94999999999709,UP,True,True,True,True,136.16999999999825,$100-$200,False,False
KXBTC15M-26AUG251200-00,UP,2026-08-25 15:48:14.646367+00:00,11.755893883333332,-69.52000000000407,DOWN,0,,,0,,,0,,,False,False,False,False,69.52000000000407,$50-$100,True,True
KXBTC15M-26AUG251415-15,UP,2026-08-25 18:14:22.583387+00:00,0.6236102166666666,70.66000000000349,UP,1,70.66000000000349,UP,1,70.66000000000349,UP,2,65.20500000000175,UP,True,True,True,True,70.66000000000349,$50-$100,True,False
KXBTC15M-26AUG251430-30,DOWN,2026-08-25 18:29:55.000023+00:00,0.08333295,-46.51999999998952,DOWN,2,-46.0399999999936,DOWN,2,-46.0399999999936,DOWN,3,-47.716666666659876,DOWN,True,True,True,True,46.51999999998952,$25-$50,True,False
KXBTC15M-26AUG251445-45,DOWN,2026-08-25 18:44:08.906958+00:00,0.8515507,-107.51000000000931,DOWN,1,-107.51000000000931,DOWN,1,-107.51000000000931,DOWN,2,-117.48000000001048,DOWN,True,True,True,True,107.51000000000931,$100-$200,False,False
KXBTC15M-26AUG251500-00,DOWN,2026-08-25 18:59:12.093459+00:00,0.79844235,-41.2100000000064,DOWN,1,-41.2100000000064,DOWN,1,-41.2100000000064,DOWN,2,-55.78500000000349,DOWN,True,True,True,True,41.2100000000064,$25-$50,True,False
KXBTC15M-26AUG251515-15,UP,2026-08-25 19:14:35.932075+00:00,0.4011320833333333,28.30999999999767,UP,1,28.30999999999767,UP,2,14.459999999999127,UP,2,14.459999999999127,UP,True,True,True,True,28.30999999999767,$25-$50,True,False
KXBTC15M-26AUG251530-30,DOWN,2026-08-25 19:29:06.548533+00:00,0.8908577833333333,-222.11999999999531,DOWN,1,-222.11999999999531,DOWN,1,-222.11999999999531,DOWN,2,-217.75499999999738,DOWN,True,True,True,True,222.11999999999531,$200-$500,False,False
KXBTC15M-26AUG251545-45,DOWN,2026-08-25 19:44:09.925492+00:00,0.8345751333333333,-176.91999999999825,DOWN,1,-176.91999999999825,DOWN,1,-176.91999999999825,DOWN,2,-154.86999999999534,DOWN,True,True,True,True,176.91999999999825,$100-$200,False,False
KXBTC15M-26AUG251600-00,UP,2026-08-25 19:59:11.828354+00:00,0.8028607666666667,202.8799999999901,UP,1,202.8799999999901,UP,1,202.8799999999901,UP,2,188.86999999999534,UP,True,True,True,True,202.8799999999901,$200-$500,False,False
KXBTC15M-26AUG251615-15,DOWN,2026-08-25 20:14:14.892792+00:00,0.7517868,-89.55999999999767,DOWN,1,-89.55999999999767,DOWN,1,-89.55999999999767,DOWN,2,-102.20500000000175,DOWN,True,True,True,True,89.55999999999767,$50-$100,True,False
KXBTC15M-26AUG251630-30,DOWN,2026-08-25 20:29:41.496484+00:00,0.3083919333333333,-91.05999999999769,DOWN,1,-91.05999999999769,DOWN,2,-86.95500000000175,DOWN,2,-86.95500000000175,DOWN,True,True,True,True,91.05999999999769,$50-$100,True,False
KXBTC15M-26AUG251645-45,DOWN,2026-08-25 20:44:13.330429+00:00,0.7778261833333333,-242.0099999999948,DOWN,1,-242.0099999999948,DOWN,1,-242.0099999999948,DOWN,2,-276.7899999999936,DOWN,True,True,True,True,242.0099999999948,$200-$500,False,False
KXBTC15M-26AUG251700-00,DOWN,2026-08-25 20:59:19.574365+00:00,0.6737605833333333,-275.0400000000081,DOWN,1,-275.0400000000081,DOWN,1,-275.0400000000081,DOWN,2,-279.5100000000093,DOWN,True,True,True,True,275.0400000000081,$200-$500,False,False
KXBTC15M-26AUG251715-15,UP,2026-08-25 21:14:25.224136+00:00,0.5795977333333333,65.22000000000116,UP,1,65.22000000000116,UP,2,52.25,UP,2,52.25,UP,True,True,True,True,65.22000000000116,$50-$100,True,False
KXBTC15M-26AUG251730-30,UP,2026-08-25 21:29:25.031108+00:00,0.5828148666666666,169.38000000000466,UP,1,169.38000000000466,UP,2,141.37000000000262,UP,2,141.37000000000262,UP,True,True,True,True,169.38000000000466,$100-$200,False,False
KXBTC15M-26AUG251745-45,UP,2026-08-25 21:44:48.747956+00:00,0.1875340666666666,114.7199999999866,UP,1,114.7199999999866,UP,2,126.37499999999272,UP,3,138.286666666662,UP,True,True,True,True,114.7199999999866,$100-$200,False,False
KXBTC15M-26AUG251800-00,UP,2026-08-25 21:59:19.217410+00:00,0.6797098333333333,29.5399999999936,UP,1,29.5399999999936,UP,1,29.5399999999936,UP,2,36.84499999999389,UP,True,True,True,True,29.5399999999936,$25-$50,True,False
KXBTC15M-26AUG251815-15,UP,2026-08-25 22:14:47.765930+00:00,0.2039011666666666,305.2299999999959,UP,1,305.2299999999959,UP,2,329.8600000000006,UP,2,329.8600000000006,UP,True,True,True,True,305.2299999999959,$200-$500,False,False
KXBTC15M-26AUG251830-30,DOWN,2026-08-25 22:29:58.446940+00:00,0.0258843333333333,-262.3600000000006,DOWN,2,-286.8949999999968,DOWN,2,-286.8949999999968,DOWN,3,-274.48666666666395,DOWN,True,True,True,True,262.3600000000006,$200-$500,False,False
KXBTC15M-26AUG251845-45,UP,2026-08-25 22:44:59.263691+00:00,0.0122718166666666,164.69000000000233,UP,2,159.37999999999738,UP,2,159.37999999999738,UP,3,172.66999999999825,UP,True,True,True,True,164.69000000000233,$100-$200,False,False
KXBTC15M-26AUG251900-00,UP,2026-08-25 22:59:07.063470+00:00,0.8822755,121.77999999999884,UP,1,121.77999999999884,UP,1,121.77999999999884,UP,2,126.29000000000087,UP,True,True,True,True,121.77999999999884,$100-$200,False,False
KXBTC15M-26AUG251915-15,UP,2026-08-25 23:14:20.166226+00:00,0.6638962333333333,53.36000000000058,UP,1,53.36000000000058,UP,1,53.36000000000058,UP,2,39.325000000004366,UP,True,True,True,True,53.36000000000058,$50-$100,True,False
KXBTC15M-26AUG251930-30,DOWN,2026-08-25 23:29:52.253358+00:00,0.1291107,-213.6600000000035,DOWN,1,-213.6600000000035,DOWN,2,-228.61000000000058,DOWN,3,-253.07666666667015,DOWN,True,True,True,True,213.6600000000035,$200-$500,False,False
KXBTC15M-26AUG251945-45,DOWN,2026-08-25 23:44:52.247089+00:00,0.1292151833333333,-147.86000000000058,DOWN,1,-147.86000000000058,DOWN,2,-156.8000000000029,DOWN,3,-161.74000000000038,DOWN,True,True,True,True,147.86000000000058,$100-$200,False,False
KXBTC15M-26AUG252000-00,DOWN,2026-08-25 23:59:55.066819+00:00,0.0822196833333333,-61.77999999999884,DOWN,2,-55.700000000004366,DOWN,2,-55.700000000004366,DOWN,3,-40.860000000005435,DOWN,True,True,True,True,61.77999999999884,$50-$100,True,False
KXBTC15M-26AUG252015-15,DOWN,2026-08-26 00:14:55.874164+00:00,0.0687639333333333,-161.11000000000058,DOWN,2,-148.91500000000087,DOWN,2,-148.91500000000087,DOWN,3,-136.14999999999904,DOWN,True,True,True,True,161.11000000000058,$100-$200,False,False
KXBTC15M-26AUG252030-30,UP,2026-08-26 00:29:56.538252+00:00,0.0576958,215.36999999999531,UP,2,197.40499999999884,UP,2,197.40499999999884,UP,3,194.1866666666659,UP,True,True,True,True,215.36999999999531,$200-$500,False,False
KXBTC15M-26AUG252045-45,DOWN,2026-08-26 00:44:56.052764+00:00,0.0657872666666666,-172.38999999999942,DOWN,2,-174.77499999999418,DOWN,2,-174.77499999999418,DOWN,3,-155.16666666666183,DOWN,True,True,True,True,172.38999999999942,$100-$200,False,False
KXBTC15M-26AUG252100-00,UP,2026-08-26 00:59:54.881084+00:00,0.0853152666666666,248.14999999999415,UP,2,263.95499999999447,UP,2,263.95499999999447,UP,3,267.94999999999226,UP,True,True,True,True,248.14999999999415,$200-$500,False,False
KXBTC15M-26AUG252115-15,UP,2026-08-26 01:14:52.730576+00:00,0.1211570666666666,106.38999999999942,UP,1,106.38999999999942,UP,2,106.3949999999968,UP,3,116.40333333333062,UP,True,True,True,True,106.38999999999942,$100-$200,False,False
KXBTC15M-26AUG252130-30,DOWN,2026-08-26 01:29:50.945212+00:00,0.1509131333333333,-23.41000000000349,DOWN,1,-23.41000000000349,DOWN,2,-16.080000000001746,DOWN,3,-2.46000000000155,DOWN,True,True,True,True,23.41000000000349,$0-$25,True,False
KXBTC15M-26AUG252145-45,UP,2026-08-26 01:44:49.154849+00:00,0.1807525166666666,133.84000000001106,UP,1,133.84000000001106,UP,2,146.50500000000466,UP,3,150.27000000000407,UP,True,True,True,True,133.84000000001106,$100-$200,False,False
KXBTC15M-26AUG252200-00,DOWN,2026-08-26 01:59:47.915925+00:00,0.20140125,-38.88999999999942,DOWN,1,-38.88999999999942,DOWN,2,-48.08999999999651,DOWN,3,-57.79333333333003,DOWN,True,True,True,True,38.88999999999942,$25-$50,True,False
KXBTC15M-26AUG252215-15,DOWN,2026-08-26 02:14:24.049514+00:00,0.5991747666666666,13.55000000000291,UP,1,13.55000000000291,UP,2,-2.584999999999127,DOWN,2,-2.584999999999127,DOWN,False,False,True,True,13.55000000000291,$0-$25,True,True
KXBTC15M-26AUG252230-30,UP,2026-08-26 02:29:53.561740+00:00,0.1073043333333333,431.5500000000029,UP,2,440.25,UP,2,440.25,UP,3,427.4833333333324,UP,True,True,True,True,431.5500000000029,$200-$500,False,False
KXBTC15M-26AUG252245-45,DOWN,2026-08-26 02:44:30.121538+00:00,0.4979743666666666,-66.61000000000058,DOWN,1,-66.61000000000058,DOWN,2,-61.450000000004366,DOWN,2,-61.450000000004366,DOWN,True,True,True,True,66.61000000000058,$50-$100,True,False
KXBTC15M-26AUG252300-00,DOWN,2026-08-26 02:59:15.455106+00:00,0.7424149,-40.61000000000058,DOWN,1,-40.61000000000058,DOWN,1,-40.61000000000058,DOWN,2,-32.88999999999942,DOWN,True,True,True,True,40.61000000000058,$25-$50,True,False
KXBTC15M-26AUG260000-00,UP,2026-08-26 03:59:24.257302+00:00,0.5957116333333333,27.85000000000582,UP,1,27.85000000000582,UP,2,22.285000000003492,UP,2,22.285000000003492,UP,True,True,True,True,27.85000000000582,$25-$50,True,False
KXBTC15M-26AUG260015-15,DOWN,2026-08-26 04:14:10.908754+00:00,0.8181874333333333,-94.85000000000582,DOWN,1,-94.85000000000582,DOWN,1,-94.85000000000582,DOWN,2,-74.66000000000349,DOWN,True,True,True,True,94.85000000000582,$50-$100,True,False
KXBTC15M-26AUG260030-30,DOWN,2026-08-26 04:29:26.495068+00:00,0.5584155333333333,-7.660000000003492,DOWN,1,-7.660000000003492,DOWN,2,7.869999999995343,UP,2,7.869999999995343,UP,True,True,False,False,7.660000000003492,$0-$25,True,False
KXBTC15M-26AUG260045-45,DOWN,2026-08-26 04:44:10.353446+00:00,0.8274425666666667,-28.50999999999476,DOWN,1,-28.50999999999476,DOWN,1,-28.50999999999476,DOWN,2,-24.419999999998254,DOWN,True,True,True,True,28.50999999999476,$25-$50,True,False
KXBTC15M-26AUG260100-00,DOWN,2026-08-26 04:59:48.260248+00:00,0.1956625333333333,-134.97000000000116,DOWN,1,-134.97000000000116,DOWN,2,-126.89500000000407,DOWN,3,-135.31000000000253,DOWN,True,True,True,True,134.97000000000116,$100-$200,False,False
KXBTC15M-26AUG260115-15,UP,2026-08-26 05:14:11.423830+00:00,0.8096028333333333,103.91000000000348,UP,1,103.91000000000348,UP,1,103.91000000000348,UP,2,100.94499999999971,UP,True,True,True,True,103.91000000000348,$100-$200,False,False
KXBTC15M-26AUG260130-30,UP,2026-08-26 05:29:53.285283+00:00,0.11191195,107.3799999999901,UP,2,90.35499999999593,UP,2,90.35499999999593,UP,3,74.67333333332984,UP,True,True,True,True,107.3799999999901,$100-$200,False,False
KXBTC15M-26AUG260145-45,UP,2026-08-26 05:44:10.694542+00:00,0.8217576333333334,87.1299999999901,UP,1,87.1299999999901,UP,1,87.1299999999901,UP,2,86.67499999999563,UP,True,True,True,True,87.1299999999901,$50-$100,True,False
KXBTC15M-26AUG260200-00,DOWN,2026-08-26 05:47:26.781908+00:00,12.553634866666666,-19.389999999999414,DOWN,0,,,0,,,0,,,True,False,False,False,19.389999999999414,$0-$25,True,False
KXBTC15M-26AUG260700-00,DOWN,2026-08-26 10:59:17.518065+00:00,0.70803225,-15.970000000001164,DOWN,1,-15.970000000001164,DOWN,1,-15.970000000001164,DOWN,2,-21.68000000000029,DOWN,True,True,True,True,15.970000000001164,$0-$25,True,False
KXBTC15M-26AUG260715-15,DOWN,2026-08-26 11:14:18.963859+00:00,0.6839356833333333,-29.60000000000582,DOWN,1,-29.60000000000582,DOWN,1,-29.60000000000582,DOWN,2,-30.514999999999418,DOWN,True,True,True,True,29.60000000000582,$25-$50,True,False
KXBTC15M-26AUG260730-30,DOWN,2026-08-26 11:29:51.695557+00:00,0.1384073833333333,-71.72000000000116,DOWN,1,-71.72000000000116,DOWN,2,-72.625,DOWN,3,-68.62666666666337,DOWN,True,True,True,True,71.72000000000116,$50-$100,True,False
KXBTC15M-26AUG260745-45,DOWN,2026-08-26 11:44:52.995294+00:00,0.1167450999999999,-158.06000000001222,DOWN,1,-158.06000000001222,DOWN,2,-155.16500000000815,DOWN,3,-160.48000000000562,DOWN,True,True,True,True,158.06000000001222,$100-$200,False,False
KXBTC15M-26AUG260800-00,DOWN,2026-08-26 11:59:28.218948+00:00,0.5296841999999999,-9.69999999999709,DOWN,1,-9.69999999999709,DOWN,2,5.709999999999127,UP,2,5.709999999999127,UP,True,True,False,False,9.69999999999709,$0-$25,True,False
KXBTC15M-26AUG260815-15,DOWN,2026-08-26 12:14:54.043001+00:00,0.0992833166666666,-83.95000000001164,DOWN,1,-83.95000000001164,DOWN,2,-58.54000000000815,DOWN,3,-56.980000000005624,DOWN,True,True,True,True,83.95000000001164,$50-$100,True,False
KXBTC15M-26AUG260830-30,UP,2026-08-26 12:29:24.061828+00:00,0.5989695333333334,227.39999999999415,UP,1,227.39999999999415,UP,2,230.33499999999913,UP,2,230.33499999999913,UP,True,True,True,True,227.39999999999415,$200-$500,False,False
KXBTC15M-26AUG260845-45,DOWN,2026-08-26 12:44:55.623890+00:00,0.0729351666666666,-361.1100000000006,DOWN,2,-320.01000000000204,DOWN,2,-320.01000000000204,DOWN,3,-321.4833333333372,DOWN,True,True,True,True,361.1100000000006,$200-$500,False,False
KXBTC15M-26AUG260900-00,UP,2026-08-26 12:59:30.809425+00:00,0.4865095833333333,16.839999999996508,UP,1,16.839999999996508,UP,2,37.124999999992724,UP,2,37.124999999992724,UP,True,True,True,True,16.839999999996508,$0-$25,True,False
KXBTC15M-26AUG260915-15,DOWN,2026-08-26 13:14:57.251045+00:00,0.0458159166666666,-227.92999999999304,DOWN,2,-240.5799999999945,DOWN,2,-240.5799999999945,DOWN,3,-258.893333333331,DOWN,True,True,True,True,227.92999999999304,$200-$500,False,False
KXBTC15M-26AUG260930-30,DOWN,2026-08-26 13:29:31.137353+00:00,0.4810441166666666,-65.19999999999709,DOWN,1,-65.19999999999709,DOWN,2,-71.79499999999825,DOWN,2,-71.79499999999825,DOWN,True,True,True,True,65.19999999999709,$50-$100,True,False
KXBTC15M-26AUG260945-45,UP,2026-08-26 13:44:35.494472+00:00,0.4084254666666667,412.7399999999907,UP,1,412.7399999999907,UP,2,412.70499999999447,UP,2,412.70499999999447,UP,True,True,True,True,412.7399999999907,$200-$500,False,False
KXBTC15M-26AUG261000-00,DOWN,2026-08-26 13:59:39.684666+00:00,0.3385889,-1.5199999999895226,DOWN,1,-1.5199999999895226,DOWN,2,-20.53499999998894,DOWN,2,-20.53499999998894,DOWN,True,True,True,True,1.5199999999895226,$0-$25,True,False
KXBTC15M-26AUG261015-15,UP,2026-08-26 14:14:12.277098+00:00,0.7953817,39.40999999998894,UP,1,39.40999999998894,UP,1,39.40999999998894,UP,2,65.87499999999272,UP,True,True,True,True,39.40999999998894,$25-$50,True,False
KXBTC15M-26AUG261030-30,DOWN,2026-08-26 14:29:14.548718+00:00,0.7575213666666667,-241.47999999999595,DOWN,1,-241.47999999999595,DOWN,1,-241.47999999999595,DOWN,2,-254.47000000000116,DOWN,True,True,True,True,241.47999999999595,$200-$500,False,False
KXBTC15M-26AUG261045-45,DOWN,2026-08-26 14:44:19.761805+00:00,0.6706365833333333,-230.13000000000463,DOWN,1,-230.13000000000463,DOWN,1,-230.13000000000463,DOWN,2,-211.30500000000757,DOWN,True,True,True,True,230.13000000000463,$200-$500,False,False
KXBTC15M-26AUG261100-00,DOWN,2026-08-26 14:59:20.835316+00:00,0.6527447333333334,-169.8000000000029,DOWN,1,-169.8000000000029,DOWN,1,-169.8000000000029,DOWN,2,-176.6600000000035,DOWN,True,True,True,True,169.8000000000029,$100-$200,False,False
KXBTC15M-26AUG261115-15,UP,2026-08-26 15:14:47.475823+00:00,0.2087362833333333,22.27999999999884,UP,1,22.27999999999884,UP,2,27.75,UP,2,27.75,UP,True,True,True,True,22.27999999999884,$0-$25,True,False
KXBTC15M-26AUG261130-30,UP,2026-08-26 15:29:12.062355+00:00,0.7989607500000001,267.9400000000023,UP,1,267.9400000000023,UP,1,267.9400000000023,UP,2,281.6450000000041,UP,True,True,True,True,267.9400000000023,$200-$500,False,False
KXBTC15M-26AUG261145-45,DOWN,2026-08-26 15:44:43.932466+00:00,0.2677922333333333,-88.97999999999593,DOWN,1,-88.97999999999593,DOWN,2,-83.95499999999447,DOWN,2,-83.95499999999447,DOWN,True,True,True,True,88.97999999999593,$50-$100,True,False
KXBTC15M-26AUG261200-00,DOWN,2026-08-26 15:59:46.401778+00:00,0.2266370333333333,-62.58999999999651,DOWN,1,-62.58999999999651,DOWN,2,-26.089999999996508,DOWN,3,-7.623333333331781,DOWN,True,True,True,True,62.58999999999651,$50-$100,True,False
KXBTC15M-26AUG261215-15,UP,2026-08-26 16:10:54.179107+00:00,4.097014883333333,142.8399999999965,UP,0,,,0,,,0,,,True,False,False,False,142.8399999999965,$100-$200,False,False
KXBTC15M-26AUG261230-30,DOWN,2026-08-26 16:29:57.576152+00:00,0.0403974666666666,0.9700000000011642,UP,2,-12.00499999999738,DOWN,2,-12.00499999999738,DOWN,3,-23.17666666666143,DOWN,False,True,True,True,0.9700000000011642,$0-$25,True,True
KXBTC15M-26AUG261245-45,DOWN,2026-08-26 16:44:58.968748+00:00,0.0171875333333333,-161.82000000000698,DOWN,2,-175.1600000000035,DOWN,2,-175.1600000000035,DOWN,3,-159.463333333338,DOWN,True,True,True,True,161.82000000000698,$100-$200,False,False
KXBTC15M-26AUG261300-00,UP,2026-08-26 16:59:09.403576+00:00,0.8432737333333333,103.52999999999884,UP,1,103.52999999999884,UP,1,103.52999999999884,UP,2,124.75,UP,True,True,True,True,103.52999999999884,$100-$200,False,False
KXBTC15M-26AUG261315-15,UP,2026-08-26 17:14:42.837927+00:00,0.28603455,128.42999999999302,UP,1,128.42999999999302,UP,2,134.6999999999971,UP,2,134.6999999999971,UP,True,True,True,True,128.42999999999302,$100-$200,False,False
KXBTC15M-26AUG261330-30,UP,2026-08-26 17:29:44.904751+00:00,0.2515874833333333,382.0,UP,1,382.0,UP,2,362.0749999999971,UP,2,362.0749999999971,UP,True,True,True,True,382.0,$200-$500,False,False
KXBTC15M-26AUG261345-45,UP,2026-08-26 17:44:47.465199+00:00,0.20891335,23.619999999995343,UP,1,23.619999999995343,UP,2,44.470000000001164,UP,3,57.40666666666706,UP,True,True,True,True,23.619999999995343,$0-$25,True,False
KXBTC15M-26AUG261400-00,DOWN,2026-08-26 17:59:48.267871+00:00,0.1955354833333333,-106.10000000000582,DOWN,1,-106.10000000000582,DOWN,2,-102.52000000000407,DOWN,3,-85.3433333333378,DOWN,True,True,True,True,106.10000000000582,$100-$200,False,False
KXBTC15M-26AUG261415-15,UP,2026-08-26 18:14:26.944466+00:00,0.5509255666666667,143.85000000000582,UP,1,143.85000000000582,UP,2,171.43500000000495,UP,2,171.43500000000495,UP,True,True,True,True,143.85000000000582,$100-$200,False,False
KXBTC15M-26AUG261430-30,DOWN,2026-08-26 18:29:25.835397+00:00,0.56941005,-105.07000000000698,DOWN,1,-105.07000000000698,DOWN,2,-119.75000000000728,DOWN,2,-119.75000000000728,DOWN,True,True,True,True,105.07000000000698,$100-$200,False,False
KXBTC15M-26AUG261445-45,DOWN,2026-08-26 18:44:58.221634+00:00,0.0296394333333333,-178.18000000000757,DOWN,2,-176.1600000000035,DOWN,2,-176.1600000000035,DOWN,3,-172.61000000000058,DOWN,True,True,True,True,178.18000000000757,$100-$200,False,False
KXBTC15M-26AUG261500-00,UP,2026-08-26 18:59:07.103963+00:00,0.8816006166666667,196.5399999999936,UP,1,196.5399999999936,UP,1,196.5399999999936,UP,2,184.70499999999447,UP,True,True,True,True,196.5399999999936,$100-$200,False,False
KXBTC15M-26AUG261515-15,DOWN,2026-08-26 19:14:39.811251+00:00,0.33647915,-101.19999999999708,DOWN,1,-101.19999999999708,DOWN,2,-93.37000000000262,DOWN,2,-93.37000000000262,DOWN,True,True,True,True,101.19999999999708,$100-$200,False,False
KXBTC15M-26AUG261530-30,UP,2026-08-26 19:29:21.484783+00:00,0.6419202833333333,147.0,UP,1,147.0,UP,1,147.0,UP,2,163.27000000000407,UP,True,True,True,True,147.0,$100-$200,False,False
KXBTC15M-26AUG261545-45,DOWN,2026-08-26 19:44:54.516396+00:00,0.0913934,-95.7899999999936,DOWN,2,-108.22999999999593,DOWN,2,-108.22999999999593,DOWN,3,-110.27999999999884,DOWN,True,True,True,True,95.7899999999936,$50-$100,True,False
KXBTC15M-26AUG261600-00,UP,2026-08-26 19:59:30.501626+00:00,0.4916395666666666,44.55999999999767,UP,1,44.55999999999767,UP,2,37.08499999999913,UP,2,37.08499999999913,UP,True,True,True,True,44.55999999999767,$25-$50,True,False
KXBTC15M-26AUG261615-15,DOWN,2026-08-26 20:14:35.756180+00:00,0.4040636666666666,-29.20999999999185,DOWN,1,-29.20999999999185,DOWN,2,-12.924999999995634,DOWN,2,-12.924999999995634,DOWN,True,True,True,True,29.20999999999185,$25-$50,True,False
KXBTC15M-26AUG261630-30,DOWN,2026-08-26 20:29:15.492360+00:00,0.7417940000000001,-38.63999999999942,DOWN,1,-38.63999999999942,DOWN,1,-38.63999999999942,DOWN,2,-41.95999999999913,DOWN,True,True,True,True,38.63999999999942,$25-$50,True,False
KXBTC15M-26AUG261645-45,UP,2026-08-26 20:44:49.383406+00:00,0.1769432333333333,4.869999999995343,UP,1,4.869999999995343,UP,2,20.344999999993888,UP,3,22.616666666658904,UP,True,True,True,True,4.869999999995343,$0-$25,True,False
KXBTC15M-26AUG261700-00,UP,2026-08-26 20:59:50.237251+00:00,0.1627124833333333,45.99000000000524,UP,1,45.99000000000524,UP,2,46.020000000004075,UP,3,43.99666666666841,UP,True,True,True,True,45.99000000000524,$25-$50,True,False
KXBTC15M-26AUG261715-15,UP,2026-08-26 21:14:50.159462+00:00,0.1640089666666666,313.75,UP,1,313.75,UP,2,298.6849999999977,UP,3,272.6466666666626,UP,True,True,True,True,313.75,$200-$500,False,False
KXBTC15M-26AUG261730-30,DOWN,2026-08-26 21:29:52.175083+00:00,0.1304152833333333,12.180000000007569,UP,1,12.180000000007569,UP,2,-9.169999999990978,DOWN,3,-14.53666666665716,DOWN,False,False,True,True,12.180000000007569,$0-$25,True,True
KXBTC15M-26AUG261745-45,DOWN,2026-08-26 21:44:56.384963+00:00,0.0602506166666666,-50.30000000000291,DOWN,2,-41.32499999999709,DOWN,2,-41.32499999999709,DOWN,3,-43.01999999999922,DOWN,True,True,True,True,50.30000000000291,$50-$100,True,False
KXBTC15M-26AUG261800-00,UP,2026-08-26 21:59:08.975905+00:00,0.8504015833333334,42.229999999995925,UP,1,42.229999999995925,UP,1,42.229999999995925,UP,2,38.28499999999622,UP,True,True,True,True,42.229999999995925,$25-$50,True,False
KXBTC15M-26AUG261815-15,UP,2026-08-26 22:14:23.420560+00:00,0.6096573333333333,-25.330000000001743,DOWN,1,-25.330000000001743,DOWN,2,-14.2300000000032,DOWN,2,-14.2300000000032,DOWN,False,False,False,False,25.330000000001743,$25-$50,True,True
KXBTC15M-26AUG261830-30,UP,2026-08-26 22:29:26.548803+00:00,0.55751995,34.80000000000291,UP,1,34.80000000000291,UP,2,64.05000000000291,UP,2,64.05000000000291,UP,True,True,True,True,34.80000000000291,$25-$50,True,False
KXBTC15M-26AUG261845-45,DOWN,2026-08-26 22:44:28.169204+00:00,0.5305132666666666,-144.41999999999825,DOWN,1,-144.41999999999825,DOWN,2,-141.79499999999825,DOWN,2,-141.79499999999825,DOWN,True,True,True,True,144.41999999999825,$100-$200,False,False
KXBTC15M-26AUG261900-00,UP,2026-08-26 22:48:32.136920+00:00,11.464384666666666,-15.910000000003492,DOWN,0,,,0,,,0,,,False,False,False,False,15.910000000003492,$0-$25,True,True
KXBTC15M-26AUG262330-30,UP,2026-08-27 03:29:38.629801+00:00,0.3561699833333333,212.94000000000236,UP,1,212.94000000000236,UP,2,214.8000000000029,UP,2,214.8000000000029,UP,True,True,True,True,212.94000000000236,$200-$500,False,False
KXBTC15M-26AUG262345-45,DOWN,2026-08-27 03:44:14.200857+00:00,0.76331905,-18.85000000000582,DOWN,1,-18.85000000000582,DOWN,1,-18.85000000000582,DOWN,2,-18.42000000000553,DOWN,True,True,True,True,18.85000000000582,$0-$25,True,False
KXBTC15M-26AUG270000-00,DOWN,2026-08-27 03:59:22.008732+00:00,0.6331878,-67.47000000000116,DOWN,1,-67.47000000000116,DOWN,1,-67.47000000000116,DOWN,2,-63.88500000000204,DOWN,True,True,True,True,67.47000000000116,$50-$100,True,False
KXBTC15M-26AUG270015-15,UP,2026-08-27 04:14:51.288612+00:00,0.1451897999999999,23.960000000006403,UP,1,23.960000000006403,UP,2,20.810000000004948,UP,3,19.37666666667307,UP,True,True,True,True,23.960000000006403,$0-$25,True,False
KXBTC15M-26AUG270030-30,DOWN,2026-08-27 04:29:25.494081+00:00,0.5750986499999999,-72.0,DOWN,1,-72.0,DOWN,2,-61.654999999998836,DOWN,2,-61.654999999998836,DOWN,True,True,True,True,72.0,$50-$100,True,False
KXBTC15M-26AUG270045-45,UP,2026-08-27 04:44:32.446014+00:00,0.4592330999999999,11.64999999999418,UP,1,11.64999999999418,UP,2,4.559999999997672,UP,2,4.559999999997672,UP,True,True,True,True,11.64999999999418,$0-$25,True,False
KXBTC15M-26AUG270100-00,DOWN,2026-08-27 04:59:06.225698+00:00,0.8962383666666667,-30.90000000000873,DOWN,1,-30.90000000000873,DOWN,1,-30.90000000000873,DOWN,2,-42.04000000000815,DOWN,True,True,True,True,30.90000000000873,$25-$50,True,False
KXBTC15M-26AUG270115-15,DOWN,2026-08-27 05:14:47.225790+00:00,0.2129035,-139.17999999999302,DOWN,1,-139.17999999999302,DOWN,2,-113.62999999999738,DOWN,2,-113.62999999999738,DOWN,True,True,True,True,139.17999999999302,$100-$200,False,False
KXBTC15M-26AUG270130-30,UP,2026-08-27 05:29:21.090613+00:00,0.6484897833333334,-4.990000000005239,DOWN,1,-4.990000000005239,DOWN,1,-4.990000000005239,DOWN,2,25.694999999992433,UP,False,False,False,True,4.990000000005239,$0-$25,True,True
KXBTC15M-26AUG270145-45,UP,2026-08-27 05:44:57.748232+00:00,0.0375294666666666,51.83000000000175,UP,2,44.26499999999942,UP,2,44.26499999999942,UP,3,50.370000000000196,UP,True,True,True,True,51.83000000000175,$50-$100,True,False
KXBTC15M-26AUG270200-00,UP,2026-08-27 05:59:30.141298+00:00,0.4976450333333334,170.58000000000175,UP,1,170.58000000000175,UP,2,152.47500000000582,UP,2,152.47500000000582,UP,True,True,True,True,170.58000000000175,$100-$200,False,False
KXBTC15M-26AUG270215-15,DOWN,2026-08-27 06:14:34.300795+00:00,0.4283200833333333,-211.4700000000012,DOWN,1,-211.4700000000012,DOWN,2,-221.02500000000146,DOWN,2,-221.02500000000146,DOWN,True,True,True,True,211.4700000000012,$200-$500,False,False
KXBTC15M-26AUG270230-30,DOWN,2026-08-27 06:29:06.647828+00:00,0.8892028666666667,-54.070000000006985,DOWN,1,-54.070000000006985,DOWN,1,-54.070000000006985,DOWN,2,-32.450000000004366,DOWN,True,True,True,True,54.070000000006985,$50-$100,True,False
KXBTC15M-26AUG270245-45,UP,2026-08-27 06:44:58.781045+00:00,0.0203159166666666,84.27000000000407,UP,2,84.2100000000064,UP,2,84.2100000000064,UP,3,84.20333333333838,UP,True,True,True,True,84.27000000000407,$50-$100,True,False
KXBTC15M-26AUG270300-00,UP,2026-08-27 06:59:08.795725+00:00,0.8534045833333334,100.75,UP,1,100.75,UP,1,100.75,UP,2,92.31999999999971,UP,True,True,True,True,100.75,$100-$200,False,False
KXBTC15M-26AUG270515-15,UP,2026-08-27 09:14:18.288962+00:00,0.6951839666666667,112.97000000000116,UP,1,112.97000000000116,UP,1,112.97000000000116,UP,2,113.32500000000437,UP,True,True,True,True,112.97000000000116,$100-$200,False,False
KXBTC15M-26AUG270530-30,UP,2026-08-27 09:29:57.546251+00:00,0.0408958166666666,643.1199999999953,UP,2,611.189999999995,UP,2,611.189999999995,UP,3,599.0966666666596,UP,True,True,True,True,643.1199999999953,$500+,False,False
KXBTC15M-26AUG270545-45,DOWN,2026-08-27 09:44:10.375867+00:00,0.8270688833333334,-216.66999999999825,DOWN,1,-216.66999999999825,DOWN,1,-216.66999999999825,DOWN,2,-243.15499999999884,DOWN,True,True,True,True,216.66999999999825,$200-$500,False,False
KXBTC15M-26AUG270600-00,DOWN,2026-08-27 09:59:50.685326+00:00,0.1552445666666666,-268.3600000000006,DOWN,1,-268.3600000000006,DOWN,2,-298.01000000000204,DOWN,3,-289.2666666666676,DOWN,True,True,True,True,268.3600000000006,$200-$500,False,False
KXBTC15M-26AUG270615-15,DOWN,2026-08-27 10:14:08.562697+00:00,0.8572883833333333,-26.210000000006403,DOWN,1,-26.210000000006403,DOWN,1,-26.210000000006403,DOWN,2,10.744999999995343,UP,True,True,True,False,26.210000000006403,$25-$50,True,False
KXBTC15M-26AUG270630-30,DOWN,2026-08-27 10:29:49.702256+00:00,0.1716290666666666,-250.5500000000029,DOWN,1,-250.5500000000029,DOWN,2,-242.69000000000233,DOWN,3,-255.3466666666694,DOWN,True,True,True,True,250.5500000000029,$200-$500,False,False
KXBTC15M-26AUG270645-45,DOWN,2026-08-27 10:44:54.372138+00:00,0.0937977,-55.91000000000349,DOWN,2,-41.66500000000087,DOWN,2,-41.66500000000087,DOWN,3,-50.92666666666628,DOWN,True,True,True,True,55.91000000000349,$50-$100,True,False
KXBTC15M-26AUG270700-00,DOWN,2026-08-27 10:59:08.265761+00:00,0.8622373166666667,-45.189999999987776,DOWN,1,-45.189999999987776,DOWN,1,-45.189999999987776,DOWN,2,-46.20999999999185,DOWN,True,True,True,True,45.189999999987776,$25-$50,True,False
KXBTC15M-26AUG270745-45,DOWN,2026-08-27 11:44:40.878938+00:00,0.3186843666666666,-103.55999999999769,DOWN,1,-103.55999999999769,DOWN,2,-97.7899999999936,DOWN,2,-97.7899999999936,DOWN,True,True,True,True,103.55999999999769,$100-$200,False,False
KXBTC15M-26AUG270800-00,UP,2026-08-27 11:59:41.547942+00:00,0.3075343,39.25,UP,1,39.25,UP,2,45.92500000000291,UP,2,45.92500000000291,UP,True,True,True,True,39.25,$25-$50,True,False
KXBTC15M-26AUG270815-15,UP,2026-08-27 12:14:41.941844+00:00,0.3009692666666667,24.839999999996508,UP,1,24.839999999996508,UP,2,-3.1750000000029104,DOWN,2,-3.1750000000029104,DOWN,True,True,False,False,24.839999999996508,$0-$25,True,False
KXBTC15M-26AUG270830-30,UP,2026-08-27 12:29:46.030770+00:00,0.2328204999999999,43.25,UP,1,43.25,UP,2,44.41000000000349,UP,2,44.41000000000349,UP,True,True,True,True,43.25,$25-$50,True,False
KXBTC15M-26AUG270845-45,DOWN,2026-08-27 12:44:23.661305+00:00,0.6056449166666666,-273.9700000000012,DOWN,1,-273.9700000000012,DOWN,1,-273.9700000000012,DOWN,2,-268.9700000000012,DOWN,True,True,True,True,273.9700000000012,$200-$500,False,False
KXBTC15M-26AUG270900-00,DOWN,2026-08-27 12:59:26.018025+00:00,0.56636625,-27.610000000000586,DOWN,1,-27.610000000000586,DOWN,2,-2.8949999999968004,DOWN,2,-2.8949999999968004,DOWN,True,True,True,True,27.610000000000586,$25-$50,True,False
KXBTC15M-26AUG270915-15,UP,2026-08-27 13:14:34.442582+00:00,0.4259569666666666,79.3299999999872,UP,1,79.3299999999872,UP,2,70.07499999998981,UP,2,70.07499999998981,UP,True,True,True,True,79.3299999999872,$50-$100,True,False
KXBTC15M-26AUG270930-30,UP,2026-08-27 13:29:40.181572+00:00,0.3303071333333333,1.4700000000011642,UP,1,1.4700000000011642,UP,2,28.245000000002623,UP,2,28.245000000002623,UP,True,True,True,True,1.4700000000011642,$0-$25,True,False
KXBTC15M-26AUG270945-45,DOWN,2026-08-27 13:44:14.352724+00:00,0.7607879333333333,-41.5,DOWN,1,-41.5,DOWN,1,-41.5,DOWN,2,-65.43000000000029,DOWN,True,True,True,True,41.5,$25-$50,True,False
KXBTC15M-26AUG271000-00,UP,2026-08-27 13:59:20.863731+00:00,0.65227115,278.09000000001106,UP,1,278.09000000001106,UP,1,278.09000000001106,UP,2,258.18000000000757,UP,True,True,True,True,278.09000000001106,$200-$500,False,False
KXBTC15M-26AUG271015-15,DOWN,2026-08-27 14:14:28.485557+00:00,0.5252407166666667,-106.51999999998952,DOWN,1,-106.51999999998952,DOWN,2,-120.64499999998952,DOWN,2,-120.64499999998952,DOWN,True,True,True,True,106.51999999998952,$100-$200,False,False
KXBTC15M-26AUG271030-30,UP,2026-08-27 14:29:12.819154+00:00,0.7863474333333333,390.08000000000175,UP,1,390.08000000000175,UP,1,390.08000000000175,UP,2,391.06000000000495,UP,True,True,True,True,390.08000000000175,$200-$500,False,False
KXBTC15M-26AUG271045-45,UP,2026-08-27 14:44:19.679746+00:00,0.6720042333333333,502.3600000000006,UP,1,502.3600000000006,UP,1,502.3600000000006,UP,2,485.5149999999994,UP,True,True,True,True,502.3600000000006,$500+,False,False
KXBTC15M-26AUG271100-00,DOWN,2026-08-27 14:59:50.172378+00:00,0.1637937,-161.2899999999936,DOWN,1,-161.2899999999936,DOWN,2,-155.64999999999418,DOWN,3,-165.49666666666357,DOWN,True,True,True,True,161.2899999999936,$100-$200,False,False
KXBTC15M-26AUG271115-15,UP,2026-08-27 15:14:23.237884+00:00,0.6127019333333333,491.429999999993,UP,1,491.429999999993,UP,1,491.429999999993,UP,2,484.15499999999884,UP,True,True,True,True,491.429999999993,$200-$500,False,False
KXBTC15M-26AUG271130-30,DOWN,2026-08-27 15:29:25.503570+00:00,0.5749405,-47.86000000000058,DOWN,1,-47.86000000000058,DOWN,2,-58.95999999999913,DOWN,2,-58.95999999999913,DOWN,True,True,True,True,47.86000000000058,$25-$50,True,False
KXBTC15M-26AUG271145-45,DOWN,2026-08-27 15:44:27.146729+00:00,0.5475545166666667,-81.36000000000058,DOWN,1,-81.36000000000058,DOWN,2,-64.09500000000116,DOWN,2,-64.09500000000116,DOWN,True,True,True,True,81.36000000000058,$50-$100,True,False
KXBTC15M-26AUG271200-00,DOWN,2026-08-27 15:59:54.190392+00:00,0.0968268,-220.4300000000076,DOWN,1,-220.4300000000076,DOWN,2,-190.5100000000093,DOWN,3,-174.23666666667364,DOWN,True,True,True,True,220.4300000000076,$200-$500,False,False
KXBTC15M-26AUG271215-15,UP,2026-08-27 16:14:24.179864+00:00,0.5970022666666667,62.80000000000291,UP,1,62.80000000000291,UP,2,125.97500000000583,UP,2,125.97500000000583,UP,True,True,True,True,62.80000000000291,$50-$100,True,False
KXBTC15M-26AUG271230-30,UP,2026-08-27 16:29:25.353449+00:00,0.5774425166666667,38.75,UP,1,38.75,UP,2,45.68999999999505,UP,2,45.68999999999505,UP,True,True,True,True,38.75,$25-$50,True,False
KXBTC15M-26AUG271245-45,UP,2026-08-27 16:44:57.183704+00:00,0.0469382666666666,165.25,UP,2,118.20000000000437,UP,2,118.20000000000437,UP,3,87.49666666666842,UP,True,True,True,True,165.25,$100-$200,False,False
KXBTC15M-26AUG271300-00,DOWN,2026-08-27 16:59:57.410350+00:00,0.0431608333333333,-192.38000000000463,DOWN,2,-196.01000000000204,DOWN,2,-196.01000000000204,DOWN,3,-191.113333333337,DOWN,True,True,True,True,192.38000000000463,$100-$200,False,False
KXBTC15M-26AUG271315-15,UP,2026-08-27 17:14:38.270187+00:00,0.36216355,216.4100000000035,UP,1,216.4100000000035,UP,2,216.74500000000262,UP,2,216.74500000000262,UP,True,True,True,True,216.4100000000035,$200-$500,False,False
KXBTC15M-26AUG271330-30,UP,2026-08-27 17:29:40.363362+00:00,0.3272773,129.4499999999971,UP,1,129.4499999999971,UP,2,152.8199999999997,UP,2,152.8199999999997,UP,True,True,True,True,129.4499999999971,$100-$200,False,False
KXBTC15M-26AUG271345-45,DOWN,2026-08-27 17:44:44.025275+00:00,0.2662454166666667,-258.2699999999895,DOWN,1,-258.2699999999895,DOWN,2,-217.63999999999214,DOWN,2,-217.63999999999214,DOWN,True,True,True,True,258.2699999999895,$200-$500,False,False
KXBTC15M-26AUG271400-00,DOWN,2026-08-27 17:59:48.050586+00:00,0.1991569,-72.7100000000064,DOWN,1,-72.7100000000064,DOWN,2,-58.19000000000233,DOWN,3,-48.379999999999804,DOWN,True,True,True,True,72.7100000000064,$50-$100,True,False
KXBTC15M-26AUG271415-15,DOWN,2026-08-27 18:14:54.536051+00:00,0.0910658166666666,-392.8800000000047,DOWN,2,-403.4550000000018,DOWN,2,-403.4550000000018,DOWN,3,-332.87333333333663,DOWN,True,True,True,True,392.8800000000047,$200-$500,False,False
KXBTC15M-26AUG271430-30,DOWN,2026-08-27 18:29:08.255131+00:00,0.8624144833333334,-125.99000000000524,DOWN,1,-125.99000000000524,DOWN,1,-125.99000000000524,DOWN,2,-126.99000000000524,DOWN,True,True,True,True,125.99000000000524,$100-$200,False,False
KXBTC15M-26AUG271445-45,UP,2026-08-27 18:44:47.361132+00:00,0.2106478,38.77999999999884,UP,1,38.77999999999884,UP,2,10.084999999999129,UP,3,8.133333333336244,UP,True,True,True,True,38.77999999999884,$25-$50,True,False
KXBTC15M-26AUG271500-00,UP,2026-08-27 18:59:53.814828+00:00,0.1030861999999999,214.88999999999945,UP,2,201.02999999999884,UP,2,201.02999999999884,UP,3,191.19000000000233,UP,True,True,True,True,214.88999999999945,$200-$500,False,False
KXBTC15M-26AUG271515-15,UP,2026-08-27 19:14:59.561806+00:00,0.0073032333333333,22.260000000009317,UP,2,14.530000000006114,UP,2,14.530000000006114,UP,3,41.57666666667016,UP,True,True,True,True,22.260000000009317,$0-$25,True,False
KXBTC15M-26AUG271530-30,DOWN,2026-08-27 19:29:13.606013+00:00,0.7732331166666667,-9.94999999999709,DOWN,1,-9.94999999999709,DOWN,1,-9.94999999999709,DOWN,2,-49.69999999999709,DOWN,True,True,True,True,9.94999999999709,$0-$25,True,False
KXBTC15M-26AUG271545-45,DOWN,2026-08-27 19:44:53.026132+00:00,0.1162311333333333,-156.07000000000698,DOWN,1,-156.07000000000698,DOWN,2,-164.31000000000495,DOWN,3,-162.06333333333896,DOWN,True,True,True,True,156.07000000000698,$100-$200,False,False
KXBTC15M-26AUG271600-00,DOWN,2026-08-27 19:59:58.009098+00:00,0.0331817,-82.5799999999872,DOWN,2,-73.27999999999156,DOWN,2,-73.27999999999156,DOWN,3,-68.83999999999166,DOWN,True,True,True,True,82.5799999999872,$50-$100,True,False
