scope,safe_cut,danger_cut,safe_n,safe_accuracy,weak_n,weak_accuracy,danger_n,danger_accuracy,danger_wrong_rate
FULL,50,125,50,0.98,14,0.7857142857142857,8,0.25,0.75
TRAIN,50,125,31,0.967741935483871,8,0.75,4,0.25,0.75
HOLDOUT,50,125,19,1.0,6,0.8333333333333334,4,0.25,0.75
FULL,50,140,50,0.98,16,0.8125,6,0.0,1.0
TRAIN,50,140,31,0.967741935483871,9,0.7777777777777778,3,0.0,1.0
HOLDOUT,50,140,19,1.0,7,0.8571428571428571,3,0.0,1.0
FULL,50,150,50,0.98,16,0.8125,6,0.0,1.0
TRAIN,50,150,31,0.967741935483871,9,0.7777777777777778,3,0.0,1.0
HOLDOUT,50,150,19,1.0,7,0.8571428571428571,3,0.0,1.0
FULL,50,160,50,0.98,18,0.7222222222222222,4,0.0,1.0
TRAIN,50,160,31,0.967741935483871,11,0.6363636363636364,1,0.0,1.0
HOLDOUT,50,160,19,1.0,7,0.8571428571428571,3,0.0,1.0
FULL,50,175,50,0.98,19,0.6842105263157895,3,0.0,1.0
TRAIN,50,175,31,0.967741935483871,11,0.6363636363636364,1,0.0,1.0
HOLDOUT,50,175,19,1.0,8,0.75,2,0.0,1.0
FULL,50,200,50,0.98,21,0.6190476190476191,1,0.0,1.0
TRAIN,50,200,31,0.967741935483871,12,0.5833333333333334,0,,
HOLDOUT,50,200,19,1.0,9,0.6666666666666666,1,0.0,1.0
FULL,75,125,55,0.9818181818181818,9,0.6666666666666666,8,0.25,0.75
TRAIN,75,125,34,0.9705882352941176,5,0.6,4,0.25,0.75
HOLDOUT,75,125,21,1.0,4,0.75,4,0.25,0.75
FULL,75,140,55,0.9818181818181818,11,0.7272727272727273,6,0.0,1.0
TRAIN,75,140,34,0.9705882352941176,6,0.6666666666666666,3,0.0,1.0
HOLDOUT,75,140,21,1.0,5,0.8,3,0.0,1.0
FULL,75,150,55,0.9818181818181818,11,0.7272727272727273,6,0.0,1.0
TRAIN,75,150,34,0.9705882352941176,6,0.6666666666666666,3,0.0,1.0
HOLDOUT,75,150,21,1.0,5,0.8,3,0.0,1.0
FULL,75,160,55,0.9818181818181818,13,0.6153846153846154,4,0.0,1.0
TRAIN,75,160,34,0.9705882352941176,8,0.5,1,0.0,1.0
HOLDOUT,75,160,21,1.0,5,0.8,3,0.0,1.0
FULL,75,175,55,0.9818181818181818,14,0.5714285714285714,3,0.0,1.0
TRAIN,75,175,34,0.9705882352941176,8,0.5,1,0.0,1.0
HOLDOUT,75,175,21,1.0,6,0.6666666666666666,2,0.0,1.0
FULL,75,200,55,0.9818181818181818,16,0.5,1,0.0,1.0
TRAIN,75,200,34,0.9705882352941176,9,0.4444444444444444,0,,
HOLDOUT,75,200,21,1.0,7,0.5714285714285714,1,0.0,1.0
FULL,90,125,61,0.9508196721311475,3,0.6666666666666666,8,0.25,0.75
TRAIN,90,125,38,0.9473684210526315,1,0.0,4,0.25,0.75
HOLDOUT,90,125,23,0.9565217391304348,2,1.0,4,0.25,0.75
FULL,90,140,61,0.9508196721311475,5,0.8,6,0.0,1.0
TRAIN,90,140,38,0.9473684210526315,2,0.5,3,0.0,1.0
HOLDOUT,90,140,23,0.9565217391304348,3,1.0,3,0.0,1.0
FULL,90,150,61,0.9508196721311475,5,0.8,6,0.0,1.0
TRAIN,90,150,38,0.9473684210526315,2,0.5,3,0.0,1.0
HOLDOUT,90,150,23,0.9565217391304348,3,1.0,3,0.0,1.0
FULL,90,160,61,0.9508196721311475,7,0.5714285714285714,4,0.0,1.0
TRAIN,90,160,38,0.9473684210526315,4,0.25,1,0.0,1.0
HOLDOUT,90,160,23,0.9565217391304348,3,1.0,3,0.0,1.0
FULL,90,175,61,0.9508196721311475,8,0.5,3,0.0,1.0
TRAIN,90,175,38,0.9473684210526315,4,0.25,1,0.0,1.0
HOLDOUT,90,175,23,0.9565217391304348,4,0.75,2,0.0,1.0
FULL,90,200,61,0.9508196721311475,10,0.4,1,0.0,1.0
TRAIN,90,200,38,0.9473684210526315,5,0.2,0,,
HOLDOUT,90,200,23,0.9565217391304348,5,0.6,1,0.0,1.0
FULL,100,125,62,0.9516129032258065,2,0.5,8,0.25,0.75
TRAIN,100,125,38,0.9473684210526315,1,0.0,4,0.25,0.75
HOLDOUT,100,125,24,0.9583333333333334,1,1.0,4,0.25,0.75
FULL,100,140,62,0.9516129032258065,4,0.75,6,0.0,1.0
TRAIN,100,140,38,0.9473684210526315,2,0.5,3,0.0,1.0
HOLDOUT,100,140,24,0.9583333333333334,2,1.0,3,0.0,1.0
FULL,100,150,62,0.9516129032258065,4,0.75,6,0.0,1.0
TRAIN,100,150,38,0.9473684210526315,2,0.5,3,0.0,1.0
HOLDOUT,100,150,24,0.9583333333333334,2,1.0,3,0.0,1.0
FULL,100,160,62,0.9516129032258065,6,0.5,4,0.0,1.0
TRAIN,100,160,38,0.9473684210526315,4,0.25,1,0.0,1.0
HOLDOUT,100,160,24,0.9583333333333334,2,1.0,3,0.0,1.0
FULL,100,175,62,0.9516129032258065,7,0.42857142857142855,3,0.0,1.0
TRAIN,100,175,38,0.9473684210526315,4,0.25,1,0.0,1.0
HOLDOUT,100,175,24,0.9583333333333334,3,0.6666666666666666,2,0.0,1.0
FULL,100,200,62,0.9516129032258065,9,0.3333333333333333,1,0.0,1.0
TRAIN,100,200,38,0.9473684210526315,5,0.2,0,,
HOLDOUT,100,200,24,0.9583333333333334,4,0.5,1,0.0,1.0
FULL,110,125,63,0.9365079365079365,1,1.0,8,0.25,0.75
TRAIN,110,125,39,0.9230769230769231,0,,4,0.25,0.75
HOLDOUT,110,125,24,0.9583333333333334,1,1.0,4,0.25,0.75
FULL,110,140,63,0.9365079365079365,3,1.0,6,0.0,1.0
TRAIN,110,140,39,0.9230769230769231,1,1.0,3,0.0,1.0
HOLDOUT,110,140,24,0.9583333333333334,2,1.0,3,0.0,1.0
FULL,110,150,63,0.9365079365079365,3,1.0,6,0.0,1.0
TRAIN,110,150,39,0.9230769230769231,1,1.0,3,0.0,1.0
HOLDOUT,110,150,24,0.9583333333333334,2,1.0,3,0.0,1.0
FULL,110,160,63,0.9365079365079365,5,0.6,4,0.0,1.0
TRAIN,110,160,39,0.9230769230769231,3,0.3333333333333333,1,0.0,1.0
HOLDOUT,110,160,24,0.9583333333333334,2,1.0,3,0.0,1.0
FULL,110,175,63,0.9365079365079365,6,0.5,3,0.0,1.0
TRAIN,110,175,39,0.9230769230769231,3,0.3333333333333333,1,0.0,1.0
HOLDOUT,110,175,24,0.9583333333333334,3,0.6666666666666666,2,0.0,1.0
FULL,110,200,63,0.9365079365079365,8,0.375,1,0.0,1.0
TRAIN,110,200,39,0.9230769230769231,4,0.25,0,,
HOLDOUT,110,200,24,0.9583333333333334,4,0.5,1,0.0,1.0
FULL,125,140,64,0.9375,2,1.0,6,0.0,1.0
TRAIN,125,140,39,0.9230769230769231,1,1.0,3,0.0,1.0
HOLDOUT,125,140,25,0.96,1,1.0,3,0.0,1.0
FULL,125,150,64,0.9375,2,1.0,6,0.0,1.0
TRAIN,125,150,39,0.9230769230769231,1,1.0,3,0.0,1.0
HOLDOUT,125,150,25,0.96,1,1.0,3,0.0,1.0
FULL,125,160,64,0.9375,4,0.5,4,0.0,1.0
TRAIN,125,160,39,0.9230769230769231,3,0.3333333333333333,1,0.0,1.0
HOLDOUT,125,160,25,0.96,1,1.0,3,0.0,1.0
FULL,125,175,64,0.9375,5,0.4,3,0.0,1.0
TRAIN,125,175,39,0.9230769230769231,3,0.3333333333333333,1,0.0,1.0
HOLDOUT,125,175,25,0.96,2,0.5,2,0.0,1.0
FULL,125,200,64,0.9375,7,0.2857142857142857,1,0.0,1.0
TRAIN,125,200,39,0.9230769230769231,4,0.25,0,,
HOLDOUT,125,200,25,0.96,3,0.3333333333333333,1,0.0,1.0
