timestamp_utc,mid_price,price_change_30s,trade_count,aggressive_buy_notional,aggressive_sell_notional,total_notional,flow_imbalance,largest_trade_notional,largest_trade_side,trades_ge_250k,trades_ge_500k,trades_ge_1m,notional_zscore,buy_notional_zscore,sell_notional_zscore,bid_depth_25,ask_depth_25,book_imbalance,flow_label,absorption_label,ticker,target,elapsed_min,remaining_min,coinbase_close,distance_target,current_side,flip_prob,stay_prob,fair_up,fair_down,preferred_side,fair_preferred,up_bid,up_ask,down_bid,down_ask,preferred_ask,edge,signal_status,entry_status,raw_flip_prob,probability_sanity,official_side,correct,flow_side,flow_agrees_model,flow_agrees_winner,abnormal_flow,absorption_event,million_plus,strong_imbalance,high_notional,signed_distance,absorption_flag,abnormal_label_flag,strong_imbalance_flag,high_notional_flag,million_plus_flag,model_signed_price_change,weak_followthrough_5,opposite_30s_move,warn_absorption,warn_abnormal_weak,warn_strongimb_weak,warn_highnotional_weak,warn_opposite_move
2026-08-24 16:03:25.605507+00:00,79288.565,25.56500000000233,609,144955.8517976574,416200.8159256043,561156.6677232618,-0.4833676221445402,57831.4121649768,SELL,0,0,0,-1.016499837893269,-1.6325864492191415,0.0995690648093506,136834.17693239392,268216.2955247608,-0.324359870006729,NORMAL_OR_MIXED,NONE,KXBTC15M-26AUG241215-15,79017.58,3.855674583333333,11.144325416666668,79323.91,306.33000000000175,UP,0.0119047619047619,0.988095238095238,0.988095238095238,0.0119047619047619,UP,0.988095238095238,0.82,0.83,0.17,0.18,0.83,0.1580952380952381,EARLY 90%+ / NOT YET VALIDATED LOCK,POSITIVE EDGE,,OLD_SCHEMA,UP,True,DOWN,False,False,False,False,False,False,False,306.33000000000175,False,False,False,False,False,25.56500000000233,False,False,False,False,False,False,False
2026-08-24 16:18:25.803713+00:00,79758.155,37.679999999993015,1000,693820.9109994598,373743.1273533506,1067564.0383528103,0.2998206872348105,119905.6952775,BUY,0,0,0,0.7402740773360621,0.849555350475789,0.394424519424269,218990.70845580148,314130.94549297664,-0.1784587745263788,NORMAL_OR_MIXED,NONE,KXBTC15M-26AUG241230-30,79444.91,3.59708185,11.40291815,79753.66,308.75,UP,0.0698924731182795,0.9301075268817204,0.9301075268817204,0.0698924731182795,UP,0.9301075268817204,0.903,0.905,0.095,0.097,0.905,0.0251075268817204,EARLY 90%+ / NOT YET VALIDATED LOCK,SMALL EDGE,,OLD_SCHEMA,UP,True,UP,True,True,False,False,False,False,False,308.75,False,False,False,False,False,37.679999999993015,False,False,False,False,False,False,False
2026-08-24 16:51:25.659424+00:00,79185.725,-85.25,787,204213.9917012339,972293.2854123126,1176507.2771135466,-0.6528470402626758,96939.163728,SELL,0,0,0,3.853303116563937,0.3300966509329002,4.41663124760326,379391.0279826257,383852.4881071382,-0.0058453953822881,ABNORMAL_SELL_PRESSURE,NONE,KXBTC15M-26AUG241300-00,79403.23,6.620255583333333,8.379744416666666,79157.46,-245.76999999998952,DOWN,0.0698924731182795,0.9301075268817204,0.0698924731182795,0.9301075268817204,DOWN,0.9301075268817204,0.13,0.14,0.86,0.87,0.87,0.0601075268817205,EARLY 90%+ / NOT YET VALIDATED LOCK,SMALL EDGE,,OLD_SCHEMA,DOWN,True,DOWN,True,True,True,False,False,True,True,245.76999999998952,False,True,True,True,False,85.25,False,False,False,False,False,False,False
2026-08-24 17:03:25.692959+00:00,78706.595,57.50500000000466,719,201339.8189012245,303657.7896565332,504997.6085577577,-0.2026108025491894,19278.3082778468,SELL,0,0,0,0.0704603528707163,-0.0339368696691284,0.0951023508754907,362678.5313395361,128369.87181908407,0.4771600070650566,NORMAL_OR_MIXED,NONE,KXBTC15M-26AUG241315-15,79060.44,3.4607906833333333,11.539209316666668,78692.32,-368.11999999999534,DOWN,0.1071428571428571,0.8928571428571429,0.1071428571428571,0.8928571428571429,DOWN,0.8928571428571429,0.12,0.13,0.87,0.88,0.88,0.0128571428571429,STRONG,SMALL EDGE,,OLD_SCHEMA,UP,False,DOWN,True,False,False,False,False,False,False,368.11999999999534,False,False,False,False,False,-57.50500000000466,True,True,False,False,False,False,True
2026-08-24 17:20:25.664729+00:00,78904.17499999999,-104.84000000001106,676,201568.9658091258,376529.38274082687,578098.3485499527,-0.3026481867152107,24436.4384338272,SELL,0,0,0,-0.0284020372397421,-0.5533643007114714,0.2906117798203784,106943.36168501207,186488.81639378867,-0.2710863383477144,NORMAL_OR_MIXED,NONE,KXBTC15M-26AUG241330-30,79121.71,5.734841283333334,9.265158716666669,78908.89,-212.82000000000696,DOWN,0.1981132075471698,0.8018867924528301,0.1981132075471698,0.8018867924528301,DOWN,0.8018867924528301,0.19,0.2,0.8,0.81,0.81,-0.0081132075471699,STRONG,NO VALUE,,OLD_SCHEMA,DOWN,True,DOWN,True,True,False,False,False,False,False,212.82000000000696,False,False,False,False,False,104.84000000001106,False,False,False,False,False,False,False
2026-08-24 17:50:25.732391+00:00,78739.91500000001,21.98000000001048,573,204430.5213784235,7809.453269347799,212239.9746477713,0.9264092140765828,104302.45991165689,BUY,0,0,0,-0.8428322429956642,-0.0567822448240721,-1.1324372929928197,282822.0242212985,222098.3271710085,0.1202639126801795,BUY_IMBALANCE,NONE,KXBTC15M-26AUG241400-00,78677.36,5.785527816666667,9.214472183333331,78783.72,106.36000000000058,UP,0.109375,0.890625,0.890625,0.109375,UP,0.890625,0.63,0.64,0.36,0.37,0.64,0.250625,STRONG,LARGE EDGE / PRICE ABOVE 50c,,OLD_SCHEMA,UP,True,UP,True,True,True,False,False,True,False,106.36000000000058,False,True,True,False,False,21.98000000001048,False,False,False,False,False,False,False
2026-08-24 18:04:55.758680+00:00,78902.92499999999,29.70999999999185,539,92648.4683754828,64001.1168844816,156649.5852599644,0.1828753739977039,9313.062483,SELL,0,0,0,-0.6438087399957897,-0.5218911683500376,-0.4940014546961644,132075.03217383684,103778.52111220131,0.1199749194675821,NORMAL_OR_MIXED,NONE,KXBTC15M-26AUG241415-15,78744.99,5.384989683333333,9.615010316666666,78906.46,161.47000000000116,UP,0.1981132075471698,0.8018867924528301,0.8018867924528301,0.1981132075471698,UP,0.8018867924528301,0.8,0.81,0.19,0.2,0.81,-0.0081132075471699,STRONG,NO VALUE,,OLD_SCHEMA,UP,True,UP,True,True,False,False,False,False,False,161.47000000000116,False,False,False,False,False,29.70999999999185,False,False,False,False,False,False,False
2026-08-24 19:18:13.659348+00:00,78915.41500000001,-0.8599999999860302,574,105218.3960570382,101676.5912296905,206894.9872867287,0.0171188527754867,11986.7825829843,SELL,0,0,0,-0.7408778374885004,-0.8624998523214976,-0.4174676518168345,147134.34662237318,170065.64489699298,-0.0722928716510377,NORMAL_OR_MIXED,NONE,KXBTC15M-26AUG241530-30,79029.99,3.6145952,11.3854048,78883.31,-146.68000000000757,DOWN,0.1981132075471698,0.8018867924528301,0.1981132075471698,0.8018867924528301,DOWN,0.8018867924528301,0.27,0.28,0.72,0.73,0.73,0.0718867924528301,STRONG,SMALL EDGE,,OLD_SCHEMA,DOWN,True,UP,False,False,False,False,False,False,False,146.68000000000757,False,False,False,False,False,0.8599999999860302,True,False,False,False,False,False,False
2026-08-24 20:04:13.712190+00:00,78568.285,-1.7599999999947613,541,20285.8031053343,713666.8171728931,733952.6202782274,-0.9447217639262756,80668.7645349894,SELL,0,0,0,1.3579137177617249,-0.9421889427391248,4.476679144458179,188791.7398057269,131885.12637254703,0.1774578070173099,SELL_IMBALANCE,SELL_FLOW_WEAK_FOLLOW_THROUGH,KXBTC15M-26AUG241615-15,78750.21,4.328537600000001,10.6714624,78560.2,-190.0100000000093,DOWN,0.0698924731182795,0.9301075268817204,0.0698924731182795,0.9301075268817204,DOWN,0.9301075268817204,0.13,0.14,0.86,0.87,0.87,0.0601075268817205,EARLY 90%+ / NOT YET VALIDATED LOCK,SMALL EDGE,,OLD_SCHEMA,DOWN,True,DOWN,True,True,True,True,False,True,False,190.0100000000093,True,True,True,False,False,1.7599999999947613,True,False,True,True,True,False,False
2026-08-24 20:20:13.735759+00:00,78730.39499999999,9.519999999989524,447,12646.3944223046,20782.3663128696,33428.7607351742,-0.2433823962251828,7872.0625965303,SELL,0,0,0,-0.7610082152506608,-0.5510656749813185,-0.584106042564995,186412.6531628201,109258.4934915292,0.2609458533384964,NORMAL_OR_MIXED,NONE,KXBTC15M-26AUG241630-30,78661.58,5.477972466666667,9.522027533333333,78730.4,68.81999999999243,UP,0.1981132075471698,0.8018867924528301,0.8018867924528301,0.1981132075471698,UP,0.8018867924528301,0.74,0.75,0.25,0.26,0.75,0.0518867924528301,STRONG,SMALL EDGE,,OLD_SCHEMA,UP,True,DOWN,False,False,False,False,False,False,False,68.81999999999243,False,False,False,False,False,9.519999999989524,False,False,False,False,False,False,False
2026-08-24 20:34:43.775506+00:00,78799.535,31.070000000006985,575,179478.2139931056,27149.3978513953,206627.6118445009,0.7372142318343515,23762.66910075,BUY,0,0,0,1.3023397169586364,2.489340768234107,-0.6675879620006194,166845.63553790786,121853.0493613976,0.1558461764112403,BUY_IMBALANCE,NONE,KXBTC15M-26AUG241645-45,78672.77,4.778736933333334,10.221263066666667,78799.54,126.76999999998952,UP,0.1981132075471698,0.8018867924528301,0.8018867924528301,0.1981132075471698,UP,0.8018867924528301,0.77,0.78,0.22,0.23,0.78,0.02188679245283,STRONG,SMALL EDGE,,OLD_SCHEMA,UP,True,UP,True,True,True,False,False,True,False,126.76999999998952,False,True,True,False,False,31.070000000006985,False,False,False,False,False,False,False
2026-08-24 21:04:43.779745+00:00,78994.555,1.0999999999912689,492,43357.6014996652,68148.2193231583,111505.82082282349,-0.2223257731350545,18560.9552184,BUY,0,0,0,-0.1514707589513794,-0.2808282125505804,0.1230416233908979,545797.227436349,228212.0529655572,0.4103118431679332,NORMAL_OR_MIXED,NONE,KXBTC15M-26AUG241715-15,78917.08,4.730480766666667,10.269519233333334,78992.2,75.11999999999534,UP,0.1981132075471698,0.8018867924528301,0.8018867924528301,0.1981132075471698,UP,0.8018867924528301,0.66,0.67,0.33,0.34,0.67,0.13188679245283,STRONG,POSITIVE EDGE,,OLD_SCHEMA,UP,True,DOWN,False,False,False,False,False,False,False,75.11999999999534,False,False,False,False,False,1.0999999999912689,True,False,False,False,False,False,False
2026-08-24 21:20:13.757961+00:00,78843.445,-29.75999999999476,485,159644.0425771707,45024.7989792528,204668.84155642352,0.5600229264322065,25231.0176,BUY,0,0,0,0.1192277036332706,0.8855558458382069,-0.1860123822278344,132346.4171480344,150112.43839032995,-0.0628977314534312,BUY_IMBALANCE,BUY_FLOW_ABSORBED_OR_REVERSED,KXBTC15M-26AUG241730-30,79011.3,5.455839066666667,9.544160933333334,78850.89,-160.4100000000035,DOWN,0.0698924731182795,0.9301075268817204,0.0698924731182795,0.9301075268817204,DOWN,0.9301075268817204,0.12,0.13,0.87,0.88,0.88,0.0501075268817204,EARLY 90%+ / NOT YET VALIDATED LOCK,SMALL EDGE,,OLD_SCHEMA,DOWN,True,UP,False,False,True,True,False,True,False,160.4100000000035,True,True,True,False,False,29.75999999999476,False,False,True,False,False,False,False
2026-08-24 21:49:13.955881+00:00,79023.935,1.9799999999959248,439,3616.7860343376,1554.1262725542,5170.9123068918,0.3988966819325643,989.9997583936,BUY,0,0,0,-0.4614765111187507,-0.6781888566569434,-0.375806617650417,250741.803160098,134143.35785974766,0.3029434675823685,NORMAL_OR_MIXED,NONE,KXBTC15M-26AUG241800-00,78966.33,4.409738816666667,10.590261183333332,79024.88,58.55000000000291,UP,0.1071428571428571,0.8928571428571429,0.8928571428571429,0.1071428571428571,UP,0.8928571428571429,0.73,0.74,0.26,0.27,0.74,0.1528571428571429,STRONG,POSITIVE EDGE,,OLD_SCHEMA,UP,True,UP,True,True,False,False,False,False,False,58.55000000000291,False,False,False,False,False,1.9799999999959248,True,False,False,False,False,False,False
2026-08-24 22:34:13.865560+00:00,78861.095,33.80999999999767,526,24215.7037242462,8728.169414719101,32943.8731389653,0.4701188061342058,8642.061928,BUY,0,0,0,-0.7475387945955154,-0.4313584102982734,-0.6445865932371343,247807.08322189667,164220.20226236634,0.2028673437519779,NORMAL_OR_MIXED,NONE,KXBTC15M-26AUG241845-45,78763.73,4.518711833333333,10.481288166666667,78892.4,128.66999999999825,UP,0.1981132075471698,0.8018867924528301,0.8018867924528301,0.1981132075471698,UP,0.8018867924528301,0.75,0.76,0.24,0.25,0.76,0.0418867924528301,STRONG,SMALL EDGE,,OLD_SCHEMA,UP,True,UP,True,True,False,False,False,False,False,128.66999999999825,False,False,False,False,False,33.80999999999767,False,False,False,False,False,False,False
2026-08-24 23:20:13.897818+00:00,78789.995,40.5799999999872,583,126334.8539839198,15662.0692817913,141996.92326571108,0.7794026951910258,12007.2118094687,BUY,0,0,0,0.7662522020226687,3.285969513879972,-0.5910570945845872,368743.0521645576,32315.283986185896,0.8388499573586236,BUY_IMBALANCE,NONE,KXBTC15M-26AUG241930-30,78720.57,5.647452783333334,9.352547216666666,78807.48,86.90999999998894,UP,0.109375,0.890625,0.890625,0.109375,UP,0.890625,0.78,0.79,0.21,0.22,0.79,0.1006249999999999,STRONG,POSITIVE EDGE,,OLD_SCHEMA,UP,True,UP,True,True,True,False,False,True,False,86.90999999998894,False,True,True,False,False,40.5799999999872,False,False,False,False,False,False,False
2026-08-25 00:18:13.922240+00:00,78732.92499999999,-54.60000000000582,492,147247.3894617127,39462.0503185529,186709.4397802656,0.5772891786832529,24112.8603899922,BUY,0,0,0,-0.053975241060131,0.4658255561535613,-0.8044454314891448,87991.1209874043,132313.7154054789,-0.2011875687514702,BUY_IMBALANCE,BUY_FLOW_ABSORBED_OR_REVERSED,KXBTC15M-26AUG242030-30,78946.1,3.574086666666666,11.425913333333334,78768.49,-177.61000000000058,DOWN,0.1071428571428571,0.8928571428571429,0.1071428571428571,0.8928571428571429,DOWN,0.8928571428571429,0.16,0.17,0.83,0.84,0.84,0.0528571428571429,STRONG,SMALL EDGE,,OLD_SCHEMA,DOWN,True,UP,False,False,True,True,False,True,False,177.61000000000058,True,True,True,False,False,54.60000000000582,False,False,True,False,False,False,False
2026-08-25 00:48:14.009562+00:00,79677.66,-60.07499999999709,839,605387.0609505718,340747.0281214408,946134.0890720126,0.2797066883920178,79714.5,SELL,0,0,0,1.8190275501138464,1.381325249068002,2.677205890719761,63904.678299704,164062.5545982589,-0.4393520727752356,NORMAL_OR_MIXED,NONE,KXBTC15M-26AUG242100-00,79318.49,3.5158069666666667,11.484193033333334,79564.95,246.45999999999185,UP,0.1981132075471698,0.8018867924528301,0.8018867924528301,0.1981132075471698,UP,0.8018867924528301,0.87,0.88,0.12,0.13,0.88,-0.0781132075471698,STRONG,NO VALUE,,OLD_SCHEMA,UP,True,UP,True,True,False,False,False,False,False,246.45999999999185,False,False,False,False,False,-60.07499999999709,True,True,False,False,False,False,True
2026-08-25 01:06:13.989488+00:00,79912.05,53.84500000000117,492,84275.8467938072,111788.5108540183,196064.3576478255,-0.1403246586492271,12015.531209220198,SELL,0,0,0,-0.6575943947618719,-0.6188265575986408,-0.611416992578891,228725.23386815932,103771.7661051546,0.3758032937832025,NORMAL_OR_MIXED,NONE,KXBTC15M-26AUG242115-15,79750.78,6.555688366666667,8.444311633333333,79906.13,155.35000000000582,UP,0.1981132075471698,0.8018867924528301,0.8018867924528301,0.1981132075471698,UP,0.8018867924528301,0.79,0.8,0.2,0.21,0.8,0.00188679245283,STRONG,SMALL EDGE,,OLD_SCHEMA,DOWN,False,DOWN,False,True,False,False,False,False,False,155.35000000000582,False,False,False,False,False,53.84500000000117,False,False,False,False,False,False,False
